insert into FARMACIA (FAR_CODIGO, FAR_NUMERO, FAR_NOMBRE, FAR_DIRECCION) values ('8RJEE', 4, 'FB7BAA6R4J06BEIDU6ODABBBS9TNUN', 'JIR TEGSV0UPW79X5M14HFM7P04A4T');

insert into FARMACIA (FAR_CODIGO, FAR_NUMERO, FAR_NOMBRE, FAR_DIRECCION) values ('A4DJ7', 7, '1JGHSXTFGKTJ52OD2YX211KC8QSRFW', '67UAMX69ERBHTR8HXTP8BI40O96JA8');

insert into FARMACIA (FAR_CODIGO, FAR_NUMERO, FAR_NOMBRE, FAR_DIRECCION) values ('7SM3Y', 9, 'NJJKKS2B6PD5TK  MCYMELFKDIYH7M', 'UTDGBPIDO44J1T 9FNMYB855M0JH3Y');

insert into FARMACIA (FAR_CODIGO, FAR_NUMERO, FAR_NOMBRE, FAR_DIRECCION) values ('CHYU0', 3, 'IU97SSAH 0YCY62995ID17XSPGFNFS', 'XSE1FFBQ84JD HX0Q8JD9JPYTHBLHR');

insert into FARMACIA (FAR_CODIGO, FAR_NUMERO, FAR_NOMBRE, FAR_DIRECCION) values ('4 JBH', 2, 'FXOUDOTXN3QA9HCALNR45W JUVSB4P', 'TAU437SNUSA0G7TXI3NAKQGRYUJXO0');

insert into FARMACIA (FAR_CODIGO, FAR_NUMERO, FAR_NOMBRE, FAR_DIRECCION) values ('82L75', 1, 'LIFNABXOEUE5T44SJQ30PMMK GKUYA', 'XX9QJPQYNTF1VGP3EBMDCLP2P7OEGJ');

insert into FARMACIA (FAR_CODIGO, FAR_NUMERO, FAR_NOMBRE, FAR_DIRECCION) values ('VT6UM', 0, 'O4EVH9OVHIYSRBH15W65Y6WG7X6EOU', 'NENSOQ471G753AFU3AGTDQSQ5NJFKW');

insert into FARMACIA (FAR_CODIGO, FAR_NUMERO, FAR_NOMBRE, FAR_DIRECCION) values ('KC4DT', 5, 'JSTGJIUMQR3VNOA8OLPRD6S1DLFJ8J', 'Q635PX77V9S7YF2UPQ9KXGQHVLWHI9');

insert into FARMACIA (FAR_CODIGO, FAR_NUMERO, FAR_NOMBRE, FAR_DIRECCION) values ('W8KAO', 6, 'LXEPL76A8AMILT2CYKSKP50SFKA90Q', 'XETSEC8A8S6VV5DB9FGEFVRT79IP8Y');

insert into FARMACIA (FAR_CODIGO, FAR_NUMERO, FAR_NOMBRE, FAR_DIRECCION) values ('G2NQL', 8, '376H1RX0 3H3CAY5V29SEPR0YL23T8', '0X APUDCKP U5S3X5IS6WT5 P586ME');

insert into EMPRESA (EMP_NOMBRE, EMP_DIRECCION, EMP_RUC) values ('MNANHBYCL VKD07428WXKEY EB9RHI', 'GESPI16GVE5X1MQDH2RHQTUOI6BLKT', 'UIAHS');

insert into EMPRESA (EMP_NOMBRE, EMP_DIRECCION, EMP_RUC) values ('E9TMBF4 8WNR20C9TX 5NKHVS2KPSC', 'LQDINLQUP6J523W1PBXPCKXV0L6IAG', 'HDVG5');

insert into EMPRESA (EMP_NOMBRE, EMP_DIRECCION, EMP_RUC) values ('MYYCP55OD9HT9 9UN26JB0GOHLGV09', 'LYUGMX53TM4ELEOK5XB9NFU25IC38 ', '3DQC9');

insert into EMPRESA (EMP_NOMBRE, EMP_DIRECCION, EMP_RUC) values ('LA0UD5GNFNT YGLIP1HO9D  Y37EJX', 'C0CBLB6O 3NTKTFXK CLR8TD8K841P', 'S1BT4');

insert into EMPRESA (EMP_NOMBRE, EMP_DIRECCION, EMP_RUC) values ('VEFWVQAC P1H0B 7FQLWJ5IL9N1CYH', 'UYAM2SHC0ARRPLA3K24IU4UUSVB8Q ', 'AVVI3');

insert into EMPRESA (EMP_NOMBRE, EMP_DIRECCION, EMP_RUC) values ('L1IJ7XVU8TJSQNE4VN6TRLS8WY26YI', 'W6YJSAVH3YWJQOVUKEA XCC 5ODH8H', 'P8R0P');

insert into EMPRESA (EMP_NOMBRE, EMP_DIRECCION, EMP_RUC) values ('BFC6Q7RWFKS32HP09YG3YR5E910YH4', ' CEFS STJNWJ7GDMFRW4QU2XPX5QKT', 'XY2W1');

insert into EMPRESA (EMP_NOMBRE, EMP_DIRECCION, EMP_RUC) values ('M46PMYH97Q6275G120L25363KQ6DYP', 'U9BP25WU9G4CI8M3PK71Y5SEHS16V3', 'SVIC4');

insert into EMPRESA (EMP_NOMBRE, EMP_DIRECCION, EMP_RUC) values ('IM2WC91F27Y3XP 9GL4EKNXKSPWEWU', 'FAISKX2NX1G4E3Q2I3GEJGDCH1QNU3', '6BFC1');

insert into EMPRESA (EMP_NOMBRE, EMP_DIRECCION, EMP_RUC) values ('S84G06BKBQIYTNEH7T7N18DSMIJSSK', 'PID6G1EWM0WLR7LR5MJMA2K15VS 9C', '96ED9');

insert into HOSPITAL (HOS_CODIGO, HOS_NOMBRE, HOS_DIRECCION) values ('U910J', '7IEW1P7W53RA8HWN3WAS VBL9VUR A', 'TJW433J60QAQ T6FSX2E5UWUREH502');

insert into HOSPITAL (HOS_CODIGO, HOS_NOMBRE, HOS_DIRECCION) values ('B 5DP', 'SVXBDFJAB8XT0B37UK7CLV793G6DND', 'D33CN9TGG3JVLKR8U9PELOM7P9KFYC');

insert into HOSPITAL (HOS_CODIGO, HOS_NOMBRE, HOS_DIRECCION) values ('X81RV', '3X69KQGGAWMHNH98FFJRWFIFXHBBL7', 'HPJO6FNGLMRR800A3W0WC3BSEOCTIG');

insert into HOSPITAL (HOS_CODIGO, HOS_NOMBRE, HOS_DIRECCION) values ('P8H0L', 'VQHAJ2MA01K3EGMCXWIQ8SWKO2O04J', 'QLFPMGBWE26TP8P8VGKQLP27PX5B7F');

insert into HOSPITAL (HOS_CODIGO, HOS_NOMBRE, HOS_DIRECCION) values ('Q6UWS', 'GICUV2YCWIUH3G4EEBC1GMKFSHKVJK', 'QMSUFG JNRRFB5Q3JJU1RIYIFJYHNE');

insert into HOSPITAL (HOS_CODIGO, HOS_NOMBRE, HOS_DIRECCION) values ('HLU6S', '1V30WEC7253XXO3WKDX4FE T65PBON', 'GABMJW71JIYY2ORG 5HLM2SQT8IE9E');

insert into HOSPITAL (HOS_CODIGO, HOS_NOMBRE, HOS_DIRECCION) values ('DDPNA', 'GEXSQKM8 MH31YBNR5YXFT18ACST3G', 'GOR3CRHD40HWA4ELNIDQP2JKK8FBPQ');

insert into HOSPITAL (HOS_CODIGO, HOS_NOMBRE, HOS_DIRECCION) values ('0WMDG', '8OPSQ0 JEXP1 CMGBGGY5O3SRDNF64', '7YTC4T34MKOFJE43FMV3VB5G8S4YHV');

insert into HOSPITAL (HOS_CODIGO, HOS_NOMBRE, HOS_DIRECCION) values ('02A7B', '13ABF8 5Q5CPH6G0VP9TLRLBKD3EN2', 'MDRPJDPMWR6HK2L805ENI75GM0UDW4');

insert into HOSPITAL (HOS_CODIGO, HOS_NOMBRE, HOS_DIRECCION) values ('WVET4', 'LGVJ5X2LM78SCQQP816IBVRMOH73O5', 'C1A3PPO03B05Y1PPDW5C472G 8M7KV');

insert into AREA (HOS_CODIGO, ARE_CODIGO, ARE_NOMBRE) values ('U910J', '0WWEJ7UFCX', 'PMYOF9J6K8A7AYN5H2KABIHNRI8XYX');

insert into AREA (HOS_CODIGO, ARE_CODIGO, ARE_NOMBRE) values ('B 5DP', 'KNT17E0U6S', 'CMW36YOGBITXP3R5J3XESRH705I8Y4');

insert into AREA (HOS_CODIGO, ARE_CODIGO, ARE_NOMBRE) values ('X81RV', 'U90YTN5AU4', '83IARHYD3GOSNA3LVN0W 9CTWHQFI7');

insert into AREA (HOS_CODIGO, ARE_CODIGO, ARE_NOMBRE) values ('P8H0L', 'RKXK9P6B5Q', 'N0AO75FFM9OYV8E9C Y0OLEEMGPUTB');

insert into AREA (HOS_CODIGO, ARE_CODIGO, ARE_NOMBRE) values ('Q6UWS', 'U9BO5G JT ', 'DIV7U GOAEA1I2G3 4ATQ9PLUX382G');

insert into AREA (HOS_CODIGO, ARE_CODIGO, ARE_NOMBRE) values ('HLU6S', 'HOLHMAUXB3', 'LVI0G5VX8ADOI2TT613QGQ9 Q7F8FU');

insert into AREA (HOS_CODIGO, ARE_CODIGO, ARE_NOMBRE) values ('DDPNA', '95HPWRT4K5', 'CYV7U7DB943PTV3RIXFYEXCGXAOM7P');

insert into AREA (HOS_CODIGO, ARE_CODIGO, ARE_NOMBRE) values ('0WMDG', 'DKT0RO4OG2', 'LG M QWSMI45J37MO4MYIQJKY4SA5F');

insert into AREA (HOS_CODIGO, ARE_CODIGO, ARE_NOMBRE) values ('02A7B', 'XMXQRGCE0E', 'JMBH7M3YYQHTAGX9FWPKPPFESIEURT');

insert into AREA (HOS_CODIGO, ARE_CODIGO, ARE_NOMBRE) values ('WVET4', 'RFUQSDLHRC', 'W4Q4QYNOM9K2A3V0O91MR9BNSYRKC7');

insert into SOLICITUD (FAR_CODIGO, HOS_CODIGO, ARE_CODIGO, CODIGO_SOLICITUD, MEDICAMENTO_SOLICITADO, CANTIDAD) values ('8RJEE', 'U910J', '0WWEJ7UFCX', 'AOPAX', 'WBR1W JD8DVA4JYXUVJ5LYU2OP67KW', 1);

insert into SOLICITUD (FAR_CODIGO, HOS_CODIGO, ARE_CODIGO, CODIGO_SOLICITUD, MEDICAMENTO_SOLICITADO, CANTIDAD) values ('A4DJ7', 'B 5DP', 'KNT17E0U6S', 'EIR6X', '42H2ETLDRKVGH6EDMU9N2NRN4QRQBP', 5);

insert into SOLICITUD (FAR_CODIGO, HOS_CODIGO, ARE_CODIGO, CODIGO_SOLICITUD, MEDICAMENTO_SOLICITADO, CANTIDAD) values ('7SM3Y', 'X81RV', 'U90YTN5AU4', 'KDS9J', 'Y4UY8HNRCTCV26IYMC7Y085JFNEOCG', 4);

insert into SOLICITUD (FAR_CODIGO, HOS_CODIGO, ARE_CODIGO, CODIGO_SOLICITUD, MEDICAMENTO_SOLICITADO, CANTIDAD) values ('CHYU0', 'P8H0L', 'RKXK9P6B5Q', '0 QH2', 'W35L3N R2T6QSMMFPGS6G23SYFXQ9W', 7);

insert into SOLICITUD (FAR_CODIGO, HOS_CODIGO, ARE_CODIGO, CODIGO_SOLICITUD, MEDICAMENTO_SOLICITADO, CANTIDAD) values ('4 JBH', 'Q6UWS', 'U9BO5G JT ', 'Q1WIV', 'KPKEJTW TCWV3YIT9XDEBEJ9LPVJ0Q', 9);

insert into SOLICITUD (FAR_CODIGO, HOS_CODIGO, ARE_CODIGO, CODIGO_SOLICITUD, MEDICAMENTO_SOLICITADO, CANTIDAD) values ('82L75', 'HLU6S', 'HOLHMAUXB3', 'YAO 6', ' SF0NP16O7NQFCAMYYQUAK9BOIXKF1', 3);

insert into SOLICITUD (FAR_CODIGO, HOS_CODIGO, ARE_CODIGO, CODIGO_SOLICITUD, MEDICAMENTO_SOLICITADO, CANTIDAD) values ('VT6UM', 'DDPNA', '95HPWRT4K5', 'UQK4A', 'VX01IFI11MM6XWBPG4H8Y698OUUSYG', 6);

insert into SOLICITUD (FAR_CODIGO, HOS_CODIGO, ARE_CODIGO, CODIGO_SOLICITUD, MEDICAMENTO_SOLICITADO, CANTIDAD) values ('KC4DT', '0WMDG', 'DKT0RO4OG2', 'MCACW', '6KKBGL2QWIWT4G9MUX RQX6DLV37S6', 8);

insert into SOLICITUD (FAR_CODIGO, HOS_CODIGO, ARE_CODIGO, CODIGO_SOLICITUD, MEDICAMENTO_SOLICITADO, CANTIDAD) values ('W8KAO', '02A7B', 'XMXQRGCE0E', 'N3UDG', 'GTJ1TW6KVTS29QDDYJ051KP0FTN2YW', 0);

insert into SOLICITUD (FAR_CODIGO, HOS_CODIGO, ARE_CODIGO, CODIGO_SOLICITUD, MEDICAMENTO_SOLICITADO, CANTIDAD) values ('G2NQL', 'WVET4', 'RFUQSDLHRC', 'HEAW2', 'FNGCUHAC3CBJO3 AB 0A0H1MIDPS0X', 2);

insert into MEDICAMENTO (MED_CODIGO, EMP_RUC, MED_NOMBRE, MED_LOTE, MED_PRECIO) values ('YSJWM', 'UIAHS', '9JN0T2GVH 7C2JX42YB6G1FWBKBTJC', 7, 4);

insert into MEDICAMENTO (MED_CODIGO, EMP_RUC, MED_NOMBRE, MED_LOTE, MED_PRECIO) values ('KO3O4', 'S1BT4', 'R8LTKD GS8WYHERR0ARH F1I2G0GGV', 6, 6);

insert into MEDICAMENTO (MED_CODIGO, EMP_RUC, MED_NOMBRE, MED_LOTE, MED_PRECIO) values ('IWNOQ', '6BFC1', 'C0Y85NV7QOT6HCP8JUQW9J6QA17W9L', 3, 0);

insert into MEDICAMENTO (MED_CODIGO, EMP_RUC, MED_NOMBRE, MED_LOTE, MED_PRECIO) values ('12 LC', 'P8R0P', 'T5VR20TG1U2VH 26LQOF2G8CPM X3J', 9, 2);

insert into MEDICAMENTO (MED_CODIGO, EMP_RUC, MED_NOMBRE, MED_LOTE, MED_PRECIO) values ('IKG X', 'AVVI3', '9 NQW6L2ORENF7XQE7MJ0I7AU197O ', 5, 5);

insert into MEDICAMENTO (MED_CODIGO, EMP_RUC, MED_NOMBRE, MED_LOTE, MED_PRECIO) values ('565W4', 'P8R0P', 'KQ9PJQ2J8CU8RANOADOEUQWUPI6LWU', 8, 1);

insert into MEDICAMENTO (MED_CODIGO, EMP_RUC, MED_NOMBRE, MED_LOTE, MED_PRECIO) values ('ISLD0', 'S1BT4', '4HR5YWYH5RIPVTH7GETIWX57V1JU79', 4, 9);

insert into MEDICAMENTO (MED_CODIGO, EMP_RUC, MED_NOMBRE, MED_LOTE, MED_PRECIO) values ('STRN8', 'UIAHS', '0PYD7WD0BEAA67AU2B8GC7IR777BQP', 0, 7);

insert into MEDICAMENTO (MED_CODIGO, EMP_RUC, MED_NOMBRE, MED_LOTE, MED_PRECIO) values ('PE2I0', 'HDVG5', 'O9TH18EEOO LV5 TV8L5JAKHP04RRJ', 2, 8);

insert into MEDICAMENTO (MED_CODIGO, EMP_RUC, MED_NOMBRE, MED_LOTE, MED_PRECIO) values ('UT24F', 'P8R0P', 'LNGALJELFJHD32BGNSI6HWP T854S7', 1, 3);

insert into FACTURA (MED_CODIGO, FAR_CODIGO, CANTIDAD_MEDICAMENTOS, FECHA_ENTREGA) values ('YSJWM', '8RJEE', 5, '1276-10-12 12:8:23');

insert into FACTURA (MED_CODIGO, FAR_CODIGO, CANTIDAD_MEDICAMENTOS, FECHA_ENTREGA) values ('KO3O4', 'A4DJ7', 0, '437-11-13 4:55:56');

insert into FACTURA (MED_CODIGO, FAR_CODIGO, CANTIDAD_MEDICAMENTOS, FECHA_ENTREGA) values ('IWNOQ', '7SM3Y', 2, '1803-9-19 17:8:33');

insert into FACTURA (MED_CODIGO, FAR_CODIGO, CANTIDAD_MEDICAMENTOS, FECHA_ENTREGA) values ('12 LC', 'CHYU0', 9, '1-1-1 0:0:0');

insert into FACTURA (MED_CODIGO, FAR_CODIGO, CANTIDAD_MEDICAMENTOS, FECHA_ENTREGA) values ('IKG X', '4 JBH', 8, '222-9-2 1:52:14');

insert into FACTURA (MED_CODIGO, FAR_CODIGO, CANTIDAD_MEDICAMENTOS, FECHA_ENTREGA) values ('565W4', '82L75', 1, '1516-8-11 14:37:3');

insert into FACTURA (MED_CODIGO, FAR_CODIGO, CANTIDAD_MEDICAMENTOS, FECHA_ENTREGA) values ('ISLD0', 'VT6UM', 3, '774-3-30 8:32:40');

insert into FACTURA (MED_CODIGO, FAR_CODIGO, CANTIDAD_MEDICAMENTOS, FECHA_ENTREGA) values ('STRN8', 'KC4DT', 7, '582-1-21 6:43:0');

insert into FACTURA (MED_CODIGO, FAR_CODIGO, CANTIDAD_MEDICAMENTOS, FECHA_ENTREGA) values ('PE2I0', 'W8KAO', 6, '333-2-12 3:9:31');

insert into FACTURA (MED_CODIGO, FAR_CODIGO, CANTIDAD_MEDICAMENTOS, FECHA_ENTREGA) values ('UT24F', 'G2NQL', 4, '986-1-28 9:47:1');

