insert into EVENTO (EVE_NOMBRE, EVE_DESCRIPCION, EVE_CAPACIDAD_MAXIMA, EVE_TIPO, EVE_ID) values ('D5HXJOR01Q5VW8TNLHE7', '3 40CFFOMPGQM19O6JMT19L3PP5PMR0DPFJ50EN0A87A7G6F36VQQCXPQL492SJBQU22OUG7EXT4N5QSSN70RQFF8J5FRYSS3IKP', 5, 3, 'JGW0E');

insert into EVENTO (EVE_NOMBRE, EVE_DESCRIPCION, EVE_CAPACIDAD_MAXIMA, EVE_TIPO, EVE_ID) values ('JRF94P9K1DOP9ON6W9C4', 'JUBW3CIMELF8WG0VMDU2MWWV4IVY 5F156DXG1V72Q4SO077Q2H7F34HM7N2A9RDXK2ABFY6D5C2UBB1XR8BS UEPVLX4U4MUVUE', 33, 0, 'VF99R');

insert into EVENTO (EVE_NOMBRE, EVE_DESCRIPCION, EVE_CAPACIDAD_MAXIMA, EVE_TIPO, EVE_ID) values ('EYJB2JC21TR0C XHHRTJ', 'VJK5DEJ1Y03O43YRAT65GA9O3O1M08QW8JMWKR0T5AMA42Q3X04VEIO574730 ETFKWRVIHMD3QQI4T0B KF3R9N95MXNRR41SHB', 26, 1, '84G5O');

insert into EVENTO (EVE_NOMBRE, EVE_DESCRIPCION, EVE_CAPACIDAD_MAXIMA, EVE_TIPO, EVE_ID) values ('H7X8S5T9OIREPVH3NQRO', 'TJQRLVR3P0O 2M3SG3JAMO3W0GNS TT3Y64FU6406TMCPNCIUNY3LQIYXYFICG08E58 HB6TM0V8OMP0XUJDT3OX6TXQXEEOE7IY', 41, 2, '9ANPG');

insert into EVENTO (EVE_NOMBRE, EVE_DESCRIPCION, EVE_CAPACIDAD_MAXIMA, EVE_TIPO, EVE_ID) values ('DC0DAJ9DWSLHMHCJ3 RO', 'A 4L119MA9WESTEY 39RF22K3B65LYEQFR4OPHUMXNJXO7KPTDS4CWA 5HFVVAB29FGLIH7WLC9F2PK9L7HNSXWYA1SW5PTYME2G', 20, 3, 'F 5L ');

insert into EVENTO (EVE_NOMBRE, EVE_DESCRIPCION, EVE_CAPACIDAD_MAXIMA, EVE_TIPO, EVE_ID) values ('7KSUYMK5SU09BWDST E9', 'V183OBCLRNLHKR4K6BGGORDBUY0H87KJ6OT4FYP33XTH7C91DUMRXLNRM IW0JFVIFX9T7D4L75Q1KMR99FASAOCOHH1NXLGIINX', 28, 0, '3N96S');

insert into EVENTO (EVE_NOMBRE, EVE_DESCRIPCION, EVE_CAPACIDAD_MAXIMA, EVE_TIPO, EVE_ID) values ('3L9SQUOSLJD7AJRRYE2C', 'AOC4J8KWW5O 9TORXPH X5LNR6EQKHJW32OUA3APSSCKY SSH7XINSAQPJNABP IVV41621N1 8U85KK1NRWJ9JV5AHU9G 2FIA5', 24, 1, 'MGK3D');

insert into EVENTO (EVE_NOMBRE, EVE_DESCRIPCION, EVE_CAPACIDAD_MAXIMA, EVE_TIPO, EVE_ID) values ('C8KKN96J24LDQVEQ3PO ', '5LE6QRXMB6OWN6 Y6T0WF3CG2JIOW487HRU3TV68CWHM34C1SMMKV4QWTMFO5VQ69KOJKEWCI6F1U32068P8VXQWWI1SH2ICGWOC', 38, 2, 'MU3C7');

insert into EVENTO (EVE_NOMBRE, EVE_DESCRIPCION, EVE_CAPACIDAD_MAXIMA, EVE_TIPO, EVE_ID) values ('2VUL6RYG65MVBG1NR0KW', '83T0ERFDW3WO4NLQDK 74RFX6KMU0DUBWWEGY8VL183P9XWD05 QIPUUF3 F42IJUP8LNXV0NU8 5KPA0YXCO53DXCYDKE9OFYA9', 9, 3, 'F61G4');

insert into EVENTO (EVE_NOMBRE, EVE_DESCRIPCION, EVE_CAPACIDAD_MAXIMA, EVE_TIPO, EVE_ID) values ('7HI9MWL5NYW7S2OJ4I7O', '4UNU940JM3M03I9TH8X10NLMLQ287B54DCP5HIXE3DXF0AX8VILP7VHDAHKNXOD9CM4HIB8E7ARG89HXD6GN5W7GVKITF7VT465A', 19, 0, 'Y3IBC');

insert into EVENTO (EVE_NOMBRE, EVE_DESCRIPCION, EVE_CAPACIDAD_MAXIMA, EVE_TIPO, EVE_ID) values (' GFK IKNEHKAAIYQ18TW', '3RS2YNENS6U6HS8EPMYMWAGNTPD93GO1A2BAS26WPG335FIE5LWLI3DEWSYF12RI6ML5L29Q216N9NY F6PJ5FUP7E6N5 C41TT0', 37, 1, '4RO8 ');

insert into EVENTO (EVE_NOMBRE, EVE_DESCRIPCION, EVE_CAPACIDAD_MAXIMA, EVE_TIPO, EVE_ID) values ('GTIBW CHXI14CRB722MT', '6MTDIEFE9WMSRLH5T822S8CFG6EK4RI633D7GF5BLNME54D9U K0Y1LE45KJX78OVF3H3BDJH620H Q57MJG57C5PPWD6612SUBD', 17, 2, '7C4HL');

insert into EVENTO (EVE_NOMBRE, EVE_DESCRIPCION, EVE_CAPACIDAD_MAXIMA, EVE_TIPO, EVE_ID) values ('NTQCLX7K2VUB5HC98 FJ', 'VVQFXIOSMM7T78 1UCQCMV70575N755NL9RKDT5PCJIPMRS2 EPWW4J9R0SA16XGD0MXNYXDSK518GB37GPFTPG1JB0ROUKS9DE6', 18, 3, '3FSK7');

insert into EVENTO (EVE_NOMBRE, EVE_DESCRIPCION, EVE_CAPACIDAD_MAXIMA, EVE_TIPO, EVE_ID) values ('OELQGFR T 7JH1YIRSKI', 'YXP73JR5J5UJ7DU2N5CFI6DNTB4PUJU3XVKUAJTKHS1CO9PYHAP0FGI Y 0AKKY7O68J KN2FH4H93T6I6XU2PR7PTTYM7UGGKGR', 46, 0, 'HXBR3');

insert into EVENTO (EVE_NOMBRE, EVE_DESCRIPCION, EVE_CAPACIDAD_MAXIMA, EVE_TIPO, EVE_ID) values ('VUULM19 3EH3PN373N0X', '5DOWA1J6U73LSYUB D0DTB93D2GG6SC7G6F1XBD74BKHFCR9R4RT2K6WA5J8AUKA3KCX1G2DNAXP8CATP7OQ9LBPOO4KFVWMMJHD', 39, 1, 'P0H3 ');

insert into EVENTO (EVE_NOMBRE, EVE_DESCRIPCION, EVE_CAPACIDAD_MAXIMA, EVE_TIPO, EVE_ID) values ('AJK0 E1PHVUH8VD16OR3', '620935C9AQI 9WEX5Q1S8GA3P4024PU13PQWMYIGYUH93N41VWWK ABY2M49KSP 6JH5KK2UNNAEHIQ477TP3AF7AIVEAVYJ2TNT', 42, 2, ' 73DQ');

insert into EVENTO (EVE_NOMBRE, EVE_DESCRIPCION, EVE_CAPACIDAD_MAXIMA, EVE_TIPO, EVE_ID) values ('DJEQ0T9J6JUSX67DTOVH', 'FV9 0RWXQQLPJPNM7G9I42IJ2P049V459YP9JR7NLJMSNA8AUMU0MB7Y TCAK6 KA 2NMB0XXKBE9QH4L7XGI3BFE2FP3X3Q YPJ', 6, 3, 'JEYXT');

insert into EVENTO (EVE_NOMBRE, EVE_DESCRIPCION, EVE_CAPACIDAD_MAXIMA, EVE_TIPO, EVE_ID) values ('FBCQTF0X1I2NKX2G53O3', 'YKODFF4P9SNPCRXBHEPBTC6GUY5QI0N3HEVDOXOTPGJEVM670 OJ2CG0G6BMN15YT0MUD03AD61YS7DDFXXA T 66V4NUEAK8TYP', 10, 0, 'KXJXF');

insert into EVENTO (EVE_NOMBRE, EVE_DESCRIPCION, EVE_CAPACIDAD_MAXIMA, EVE_TIPO, EVE_ID) values ('66JQ15AGQGUW7B6AQEGB', '9HM5VAO5M94H0SD27HMFWWCWVTFCKV14EJWEY0D0CWVYH8Y2NYN23BN0X9AAC4U2XT6IEMN8WLYO4CPMUKT6VTEI16F8EQWOXC D', 0, 1, '8WJF3');

insert into EVENTO (EVE_NOMBRE, EVE_DESCRIPCION, EVE_CAPACIDAD_MAXIMA, EVE_TIPO, EVE_ID) values ('3OOX505L79GYI53GVT1P', '60GG81W8LPUAC33XOJ9U0WNG8J2RR86QXAWEJF6DN6GY5I57IR7U7 7CJT6K9H3T0T6XPNP6JDG 0289IIUOCPRLNEJM21 5LX1Q', 35, 2, 'DG576');

insert into EVENTO (EVE_NOMBRE, EVE_DESCRIPCION, EVE_CAPACIDAD_MAXIMA, EVE_TIPO, EVE_ID) values ('FN6H7YL34GCYU8MFN3WN', 'I6RYNKB7QGN3 80L6RXR2WY7O1ILCVC61YLYHYGEVIV5LKKM2BV26WFY2UYK IC0UTUX7MT11TI5RWU3TBPHFDHY64U4631BH2A5', 14, 3, 'Q53AA');

insert into EVENTO (EVE_NOMBRE, EVE_DESCRIPCION, EVE_CAPACIDAD_MAXIMA, EVE_TIPO, EVE_ID) values ('PNDEV5H7F8LI8UU1BBXL', '697P LQN3 Q2628DPGMVYAOMU9Y6AFFHFREY5FX10W64G5DXAR68641WM9WTFEH9UA5M0VRRO2D4IX419BTAD88F JGEKI38LCL4', 45, 0, '6EFSA');

insert into EVENTO (EVE_NOMBRE, EVE_DESCRIPCION, EVE_CAPACIDAD_MAXIMA, EVE_TIPO, EVE_ID) values ('EXYR4VK1V2KYLB0F7V85', 'SM GC58C6LFAV3J6IN3ROW91PTXDDYFV929VLYYTIYG5D84BQ4DH1L08H549QB9OC 0K4 A9W7DHP21SWMMYI88H2RB2RGESC61I', 49, 1, '4VE3U');

insert into EVENTO (EVE_NOMBRE, EVE_DESCRIPCION, EVE_CAPACIDAD_MAXIMA, EVE_TIPO, EVE_ID) values ('T7Y8XE8S9L7JRHKC5JU1', 'NAV1N3K7V42EBAJW0  MCAP4MEJF35SH7V9PAOJ 04FWKN6Y0V3M9DJC4GFJ4MG4UTRI6TD9CH9MDW4IBVQ1SXV9SKUOX XMMB53', 22, 2, 'L8YG2');

insert into EVENTO (EVE_NOMBRE, EVE_DESCRIPCION, EVE_CAPACIDAD_MAXIMA, EVE_TIPO, EVE_ID) values ('7VKDL0FLOFR3N667RLLN', '5W XIS3S2CWVLRG8TFY76AHCHMA6W2809 8O4O6HMPK BS3EE13COLLK64V62L0W3E AGFML5NP10BBYW8B3YVGA 164LP51W2TC', 27, 3, '8APJ8');

insert into EVENTO (EVE_NOMBRE, EVE_DESCRIPCION, EVE_CAPACIDAD_MAXIMA, EVE_TIPO, EVE_ID) values ('3 2O1Q574J9P45YWW5Y2', 'DMSRJQHTH17GK91CKXRD7Y28CVTB7W35QJHQ30JNKUOU9GVG5R5 B76D01K8PIFEJKMGN425ODQYAOU1OTGKSDB3SOA7WBX4HTYR', 47, 0, 'MNOAD');

insert into EVENTO (EVE_NOMBRE, EVE_DESCRIPCION, EVE_CAPACIDAD_MAXIMA, EVE_TIPO, EVE_ID) values ('Y0U6E56PHJQMEJ6I3X7O', '3B5F LCGP2QB5BCNTM 7W3LF3E61DTO4X0YDSQMTBFF3DGXUYFNF8X1LYBATBSYAORHWJUK0XRWBQ46N9FV44RY 4SC96SFPA77F', 8, 1, 'R 697');

insert into EVENTO (EVE_NOMBRE, EVE_DESCRIPCION, EVE_CAPACIDAD_MAXIMA, EVE_TIPO, EVE_ID) values ('FAMLYWT2XNGCXI9LAQ3J', 'PKLOQ3F1V4YD7Q7F9VIIJLI9TLJ9VIC4FBEMWSQJRPLRLW9NJH90MJUWFJRUSDF 06070RS8CVARPYAR7NJ9PEQY3AR1H8VR9O3E', 44, 2, '1WNKH');

insert into EVENTO (EVE_NOMBRE, EVE_DESCRIPCION, EVE_CAPACIDAD_MAXIMA, EVE_TIPO, EVE_ID) values ('A7GQ4ED H9GN 8VLY VT', 'Y2BHV1I0VG 23I6H HX434E54KPTHCUSGPSWHYA8JHI2EQFH5 X150JW5CRQCR9LHTL5 Y7XCIP8GFQ35HYOCWSJETOEH4AYW7MC', 21, 3, 'PBOF7');

insert into EVENTO (EVE_NOMBRE, EVE_DESCRIPCION, EVE_CAPACIDAD_MAXIMA, EVE_TIPO, EVE_ID) values ('U7F4IMELT7E1IQPKH4Q3', 'NX9HPJ9MGAORD9U9TJ3GQTFJ26IJNFI6BB1416 3J60K0KHI7UHXI4XIJCG2N6FHH3YFMTABBNOINJBAD3VIQE8LJ6UEIDK36OXS', 15, 0, 'EPR5U');

insert into EVENTO (EVE_NOMBRE, EVE_DESCRIPCION, EVE_CAPACIDAD_MAXIMA, EVE_TIPO, EVE_ID) values ('NMP 952P3VEX99Q47FC ', 'M XURXAEER906S3C YGSPB0I0DVRYCA1Y5XM8Q3WCLFLBOH7051QEA3EX258H8VGWUNHFBYSS66QVJ08F21YT951UM CVOS8YDSF', 30, 1, '9FGAO');

insert into EVENTO (EVE_NOMBRE, EVE_DESCRIPCION, EVE_CAPACIDAD_MAXIMA, EVE_TIPO, EVE_ID) values ('6SJMMDBNAMAUF5C63FMA', 'JYD13X828YVNLDUNUJUAEM3YD3 ARQK8OECXIYQ4MRI3ABFO73BFVL68HREYM4BD2F543PMHWEQK2FC37DWJO QRF6L5V3UYM2FN', 13, 2, '8M10H');

insert into EVENTO (EVE_NOMBRE, EVE_DESCRIPCION, EVE_CAPACIDAD_MAXIMA, EVE_TIPO, EVE_ID) values ('ICWP53I6BHSEM4X8IY8B', 'QW1E JK3KM87BJWTWO437T1QS3KOIQH986HNYS20WL5OLI1CJ88T69SOJ727736C4LF V7PKPQ0MXUNCXHWV5SBU3ARTRB87VHLD', 12, 3, 'FBGIF');

insert into EVENTO (EVE_NOMBRE, EVE_DESCRIPCION, EVE_CAPACIDAD_MAXIMA, EVE_TIPO, EVE_ID) values ('ST6OTPJNECC4QO7LJW02', 'M19AQWNO 3UCVP3YG9UM4R3UCBL9A087YY0 VS040FIHJIK5HIYX5KX27EO9HOFWLMD9PNEY9UD5GCIMS6IN4GHVEO4IX8V7EU1G', 34, 0, '78LA0');

insert into EVENTO (EVE_NOMBRE, EVE_DESCRIPCION, EVE_CAPACIDAD_MAXIMA, EVE_TIPO, EVE_ID) values ('JBIAPM357F5IAAX9QLXW', 'GRO XTOEWMGPQOXM1CA69VTRPV7HQJ4UYLJ6FLIIP1ALHP5B6UE1RV5MPJA8L5X16ABLLEIKH2A358RB913YENGJ6NQ2UJL6F47S', 16, 1, 'DQ5OF');

insert into EVENTO (EVE_NOMBRE, EVE_DESCRIPCION, EVE_CAPACIDAD_MAXIMA, EVE_TIPO, EVE_ID) values ('27D3JN8O9I9QNECLO0KW', 'DSX520XVYFL1V9HCLPD0ENYSBLX0V79QHTRST2G04KLIFT9BPTY5 1U7ILSG1T7BKQ6DKKM9A79YT NDU3E851DHUOD96CSXO7IM', 29, 2, 'LF3VI');

insert into EVENTO (EVE_NOMBRE, EVE_DESCRIPCION, EVE_CAPACIDAD_MAXIMA, EVE_TIPO, EVE_ID) values ('9DKXE8GTBPXR KYDO NT', 'HXARG0V5M A64FLXTSNOA3OUIKXLM4W 2AB T 780QM3J3E2 QIHSY7QIXLBGLR JWUJ6MANP90TCE91HVRAIJT2RQAOXBKN 5AC', 3, 3, 'LQYLH');

insert into EVENTO (EVE_NOMBRE, EVE_DESCRIPCION, EVE_CAPACIDAD_MAXIMA, EVE_TIPO, EVE_ID) values ('3CXRGVLN5IJ6O CFIMIW', 'X8RGXNINAYE69XCQ8P7OVUNPH3XSRA5OSC131NH093CCIMBCL5C783RXJVR3MNKU449LCG8XXF5OA59O0KGWE6OSINO443BVPI9N', 32, 0, 'WFD B');

insert into EVENTO (EVE_NOMBRE, EVE_DESCRIPCION, EVE_CAPACIDAD_MAXIMA, EVE_TIPO, EVE_ID) values ('G41PX7FWFWMXYQKNERHT', 'TUVPM89JGJM87UBRRJK8EQYQMWMO49TTEEW687VOP1C1BEBVA0N69 SX11EUKCG4B 6 AFRKCADR7AQ 8E1U7SXN8694TLN2O8H5', 4, 1, '27MHV');

insert into EVENTO (EVE_NOMBRE, EVE_DESCRIPCION, EVE_CAPACIDAD_MAXIMA, EVE_TIPO, EVE_ID) values ('1O660P7Q7EYK84GLAWW0', 'LF4C8KSV588HSGLXR21RG2UNFUBXFE7AP7DFQBDGPG6MQNYXKVEWAAG7OR350DR8MA3WVR1TLJWL81500JSKHL5JAB V6O5JQVWR', 31, 2, 'AMFPL');

insert into EVENTO (EVE_NOMBRE, EVE_DESCRIPCION, EVE_CAPACIDAD_MAXIMA, EVE_TIPO, EVE_ID) values ('VGOQ55 L39J SAO6USNO', '51JW KVA5P38J109CPVX9P4RXRJAEEY2LOWRTDNJAQ014F86IREYLODWOJUDVDUABW3GX6UML1KKO5VVQF1UO9806HQE4H3BATQI', 11, 3, '9GJXB');

insert into EVENTO (EVE_NOMBRE, EVE_DESCRIPCION, EVE_CAPACIDAD_MAXIMA, EVE_TIPO, EVE_ID) values ('NE2OWG8IA8F2FSBMJM4P', '5XFE454X YIX8B7R4S1A9M2KVL6UX12S21P0BKWPBWEOBPR3LPPVOBG VCTJ1XL83OKFK2BOBRDOXIAVX9F97N65J66CAQTKV27H', 36, 0, 'LHE0E');

insert into EVENTO (EVE_NOMBRE, EVE_DESCRIPCION, EVE_CAPACIDAD_MAXIMA, EVE_TIPO, EVE_ID) values (' 7WDPKIARPTYHRB3UG5U', 'QN 31Y23N7  6A5EBVO4LCE3I4 N1C128L04DBSIO6KU1CHDJO3GUAASOEFHWRN42OFX47E0FO7I Q3PFFHM1LC48DHKDL3 IB53', 40, 1, '18FEE');

insert into EVENTO (EVE_NOMBRE, EVE_DESCRIPCION, EVE_CAPACIDAD_MAXIMA, EVE_TIPO, EVE_ID) values ('S8RTRCUYPJV7P4JUBJGD', ' G7T33EBJCX79CW9O  TQ9QMB3G1JEDB FJNNCIBEJ83L0JXACGADPNKTDJHW7YUYPMUD6GYM0HA4XMK8RVTKHYSTS7HY8A9A91S', 25, 2, 'L9MH1');

insert into EVENTO (EVE_NOMBRE, EVE_DESCRIPCION, EVE_CAPACIDAD_MAXIMA, EVE_TIPO, EVE_ID) values ('DJN7QSJVKCV6GJ AO7B2', 'LRO1NFAP67YFUEFBCCRWCQ2G96TTDMBK35BXMREJR1O9TOHLQELLPSC2WHXHI5CU ISFCI190T9BQ63QP56K0HKDO2B1OVPO4P8J', 7, 3, '77BXE');

insert into EVENTO (EVE_NOMBRE, EVE_DESCRIPCION, EVE_CAPACIDAD_MAXIMA, EVE_TIPO, EVE_ID) values ('QNPADU78CE4CPNTS7KPM', '40SYBHLQW0K4K97273CLRCX89LFB5YOE06 ENSF7HI DKFKCRO7WNR95C5VH3FJKYCDRETP6RKX KQPI1A9FIJFETQ1KUO618G6C', 23, 0, 'VDG7O');

insert into EVENTO (EVE_NOMBRE, EVE_DESCRIPCION, EVE_CAPACIDAD_MAXIMA, EVE_TIPO, EVE_ID) values ('GJ1YQTFSYY7GANA13PXT', 'IOF2KW7E QYY878YKYFIHIHQLFAD G7SYJYE8DLD2HSS4J566CNWN56V1G U7UI O6AFVS GE20GXK9AHAVLRCDWAAQK9W0E2JGF', 1, 1, 'TJ1BU');

insert into EVENTO (EVE_NOMBRE, EVE_DESCRIPCION, EVE_CAPACIDAD_MAXIMA, EVE_TIPO, EVE_ID) values ('AD2DS8RDVI669FCG  Y2', 'RXAQBB6UKV6P6OSWXQ0EO76WTE3CF0HYG0FYHYNOWF59VGAEWW13I3JBMQG4GS BXBHSOL5JSDC9PWBPUGFBPSB 0E8N 3IWJ0FC', 2, 2, '81FWP');

insert into EVENTO (EVE_NOMBRE, EVE_DESCRIPCION, EVE_CAPACIDAD_MAXIMA, EVE_TIPO, EVE_ID) values ('0G6 M3NH2D1U6RG4Y XV', 'NSRPA02S5RCAMQ0V RHINAXNP1CDE5C2Q5RFA5LCUM0YQ7GQ7S1PQBOKJFW5BE8M23 JTOWBI9LWEBK2FU17PSK0PVSUDAGHE8FW', 43, 3, 'D2939');

insert into EVENTO (EVE_NOMBRE, EVE_DESCRIPCION, EVE_CAPACIDAD_MAXIMA, EVE_TIPO, EVE_ID) values ('RBHYSM95MTT5DPBLOREE', 'XU 9UPRQUJ611JKYDTV7UWWYKCRULGSDWM6SS6KGWMI5CP1RJD5DNVA8 PEHQ1AWCX14DMFA3RSEV94GOKYXXU9E1I5E2RAXX9LG', 48, 0, 'A6BTI');

insert into UBICACION (UBI_NOMBRE, UBI_CAPACIDAD, UBI_DISPONIBILIDAD, UBI_ID) values ('S4LYVI6FXFBR 65ORVFQ', 37, 4, 'SCA22');

insert into UBICACION (UBI_NOMBRE, UBI_CAPACIDAD, UBI_DISPONIBILIDAD, UBI_ID) values ('DQKHP0X0GH9CT0MI1NYE', 18, 44, 'YC7RC');

insert into UBICACION (UBI_NOMBRE, UBI_CAPACIDAD, UBI_DISPONIBILIDAD, UBI_ID) values ('NU7V VS1V8BM469I0VRS', 26, 0, 'YXQKX');

insert into UBICACION (UBI_NOMBRE, UBI_CAPACIDAD, UBI_DISPONIBILIDAD, UBI_ID) values ('5TIADAX6MS6NF2YMYYW0', 5, 20, 'CJD69');

insert into UBICACION (UBI_NOMBRE, UBI_CAPACIDAD, UBI_DISPONIBILIDAD, UBI_ID) values ('JMR3X48BLLBS8YADJIXN', 12, 43, 'E DSX');

insert into UBICACION (UBI_NOMBRE, UBI_CAPACIDAD, UBI_DISPONIBILIDAD, UBI_ID) values ('GLISVM1PYDLX14YUXNOM', 49, 31, 'RTLP1');

insert into UBICACION (UBI_NOMBRE, UBI_CAPACIDAD, UBI_DISPONIBILIDAD, UBI_ID) values ('EJ69JSDFB6E1UUF77T8Q', 3, 29, 'IWSUV');

insert into UBICACION (UBI_NOMBRE, UBI_CAPACIDAD, UBI_DISPONIBILIDAD, UBI_ID) values ('IA04X3Q4AO GGCTY52RC', 31, 33, 'N6L7A');

insert into UBICACION (UBI_NOMBRE, UBI_CAPACIDAD, UBI_DISPONIBILIDAD, UBI_ID) values ('YKBCXK4K5IJ31TGJQ9JY', 24, 42, 'VCB0A');

insert into UBICACION (UBI_NOMBRE, UBI_CAPACIDAD, UBI_DISPONIBILIDAD, UBI_ID) values ('W93HWA8R07UI37SFXKDY', 29, 21, 'LHMQV');

insert into UBICACION (UBI_NOMBRE, UBI_CAPACIDAD, UBI_DISPONIBILIDAD, UBI_ID) values ('CL4JAJ7TDVGL49V NBSU', 38, 24, 'R7RUU');

insert into UBICACION (UBI_NOMBRE, UBI_CAPACIDAD, UBI_DISPONIBILIDAD, UBI_ID) values ('EITCUTQRDWIW645FICW2', 16, 49, 'IWMXW');

insert into UBICACION (UBI_NOMBRE, UBI_CAPACIDAD, UBI_DISPONIBILIDAD, UBI_ID) values ('J18AEFHIPDEVEAJW4JM1', 46, 14, '269PV');

insert into UBICACION (UBI_NOMBRE, UBI_CAPACIDAD, UBI_DISPONIBILIDAD, UBI_ID) values ('JSU08VMXMCSJ838F6H P', 22, 48, 'APAO9');

insert into UBICACION (UBI_NOMBRE, UBI_CAPACIDAD, UBI_DISPONIBILIDAD, UBI_ID) values ('0TL0JQDVX96LBKB674RC', 33, 9, 'VVSSY');

insert into UBICACION (UBI_NOMBRE, UBI_CAPACIDAD, UBI_DISPONIBILIDAD, UBI_ID) values ('V3H7H0C8AQDT2NJH8KQV', 32, 18, '9ATJL');

insert into UBICACION (UBI_NOMBRE, UBI_CAPACIDAD, UBI_DISPONIBILIDAD, UBI_ID) values ('3FH6QLQVJ28IBE3CWEHL', 30, 13, 'TB4LP');

insert into UBICACION (UBI_NOMBRE, UBI_CAPACIDAD, UBI_DISPONIBILIDAD, UBI_ID) values ('O6DEW5JYWYXB813QGUGX', 45, 19, 'L 72R');

insert into UBICACION (UBI_NOMBRE, UBI_CAPACIDAD, UBI_DISPONIBILIDAD, UBI_ID) values ('40JPWVM7E198 5HCFI1V', 10, 45, 'FUC7V');

insert into UBICACION (UBI_NOMBRE, UBI_CAPACIDAD, UBI_DISPONIBILIDAD, UBI_ID) values ('5YGQX5SUU 5TBSPSG816', 42, 25, 'KPQDE');

insert into UBICACION (UBI_NOMBRE, UBI_CAPACIDAD, UBI_DISPONIBILIDAD, UBI_ID) values ('NLST 6SSACTVNYRKM8C3', 20, 11, 'RE6F2');

insert into UBICACION (UBI_NOMBRE, UBI_CAPACIDAD, UBI_DISPONIBILIDAD, UBI_ID) values ('JLL9BHFYW473RKP7PLYQ', 28, 37, 'IPDAH');

insert into UBICACION (UBI_NOMBRE, UBI_CAPACIDAD, UBI_DISPONIBILIDAD, UBI_ID) values ('95D 4Q6YYQMWA36RUI4G', 36, 22, 'VV5  ');

insert into UBICACION (UBI_NOMBRE, UBI_CAPACIDAD, UBI_DISPONIBILIDAD, UBI_ID) values ('OLA91 EKP4JUHJ10XXF4', 11, 2, '99UBL');

insert into UBICACION (UBI_NOMBRE, UBI_CAPACIDAD, UBI_DISPONIBILIDAD, UBI_ID) values ('NNHS5H4Y75Q3LOO6T TC', 25, 36, 'LJJ7P');

insert into UBICACION (UBI_NOMBRE, UBI_CAPACIDAD, UBI_DISPONIBILIDAD, UBI_ID) values ('4C6YOYSXYOIJEXNTR5MA', 21, 12, 'ELU8M');

insert into UBICACION (UBI_NOMBRE, UBI_CAPACIDAD, UBI_DISPONIBILIDAD, UBI_ID) values ('9YUEB2RTWCG3L HSA3S8', 40, 41, 'YGA0O');

insert into UBICACION (UBI_NOMBRE, UBI_CAPACIDAD, UBI_DISPONIBILIDAD, UBI_ID) values ('JI0V6IHF4CMMCOQRB 8W', 43, 3, 'JTC8P');

insert into UBICACION (UBI_NOMBRE, UBI_CAPACIDAD, UBI_DISPONIBILIDAD, UBI_ID) values ('N4DPFO0YQAJO5KNK78EI', 7, 8, 'WPC5H');

insert into UBICACION (UBI_NOMBRE, UBI_CAPACIDAD, UBI_DISPONIBILIDAD, UBI_ID) values ('58VC KWS47TT3WVSJFP6', 0, 15, 'MI03O');

insert into UBICACION (UBI_NOMBRE, UBI_CAPACIDAD, UBI_DISPONIBILIDAD, UBI_ID) values ('KUW9370M L SH0SI UVR', 14, 23, 'UGYR4');

insert into UBICACION (UBI_NOMBRE, UBI_CAPACIDAD, UBI_DISPONIBILIDAD, UBI_ID) values ('6T2WHQMF12VTKUHS8X4D', 44, 16, '3EAR8');

insert into UBICACION (UBI_NOMBRE, UBI_CAPACIDAD, UBI_DISPONIBILIDAD, UBI_ID) values ('54LQONCWTXVC1HP8PQ9U', 47, 30, 'MYBWF');

insert into UBICACION (UBI_NOMBRE, UBI_CAPACIDAD, UBI_DISPONIBILIDAD, UBI_ID) values ('TKD2Y8BKRSUGL0IAWIPS', 23, 40, 'HPF6L');

insert into UBICACION (UBI_NOMBRE, UBI_CAPACIDAD, UBI_DISPONIBILIDAD, UBI_ID) values ('H6UVPKM2TTD7MS5I8WK2', 34, 17, 'XUPG6');

insert into UBICACION (UBI_NOMBRE, UBI_CAPACIDAD, UBI_DISPONIBILIDAD, UBI_ID) values ('1O3K8DD3IJILSPAHTLYU', 48, 6, '9FJ4X');

insert into UBICACION (UBI_NOMBRE, UBI_CAPACIDAD, UBI_DISPONIBILIDAD, UBI_ID) values ('YNTX0XPFJK CXWLQPO0F', 39, 10, 'TJP Q');

insert into UBICACION (UBI_NOMBRE, UBI_CAPACIDAD, UBI_DISPONIBILIDAD, UBI_ID) values ('0JVFJHL 668D9DH546F6', 17, 39, '1K1VR');

insert into UBICACION (UBI_NOMBRE, UBI_CAPACIDAD, UBI_DISPONIBILIDAD, UBI_ID) values ('KY50EJOF70LRM47PRFXA', 27, 38, 'UO6 D');

insert into UBICACION (UBI_NOMBRE, UBI_CAPACIDAD, UBI_DISPONIBILIDAD, UBI_ID) values ('K8N11VILSNL73I4QK B3', 19, 34, '3JU4D');

insert into UBICACION (UBI_NOMBRE, UBI_CAPACIDAD, UBI_DISPONIBILIDAD, UBI_ID) values (' 374PQT2BTVKHGI2408D', 13, 47, 'UMOF1');

insert into UBICACION (UBI_NOMBRE, UBI_CAPACIDAD, UBI_DISPONIBILIDAD, UBI_ID) values ('5RI1YL7KRE1SLUBHQU0N', 9, 7, 'TMW2D');

insert into UBICACION (UBI_NOMBRE, UBI_CAPACIDAD, UBI_DISPONIBILIDAD, UBI_ID) values ('4RHG3OUULTNUAQ3DCTP3', 8, 26, 'E36PV');

insert into UBICACION (UBI_NOMBRE, UBI_CAPACIDAD, UBI_DISPONIBILIDAD, UBI_ID) values ('6SE9ESF27SRSJO15T4 L', 4, 35, '00BS9');

insert into UBICACION (UBI_NOMBRE, UBI_CAPACIDAD, UBI_DISPONIBILIDAD, UBI_ID) values ('KGWMOXT0GSKLN 42T2LR', 1, 1, 'CUDUC');

insert into UBICACION (UBI_NOMBRE, UBI_CAPACIDAD, UBI_DISPONIBILIDAD, UBI_ID) values ('TXWPVWHM5I6F5BX 99CP', 2, 27, 'FJ7BJ');

insert into UBICACION (UBI_NOMBRE, UBI_CAPACIDAD, UBI_DISPONIBILIDAD, UBI_ID) values ('62O3I98Y7KPA5TLIWJRB', 6, 32, 'U2RDS');

insert into UBICACION (UBI_NOMBRE, UBI_CAPACIDAD, UBI_DISPONIBILIDAD, UBI_ID) values ('C57AYH7VLLYEJYGGECVJ', 41, 5, 'YCI4R');

insert into UBICACION (UBI_NOMBRE, UBI_CAPACIDAD, UBI_DISPONIBILIDAD, UBI_ID) values ('WMQNY3QF6 B4PY1HN036', 35, 28, 'F78JQ');

insert into UBICACION (UBI_NOMBRE, UBI_CAPACIDAD, UBI_DISPONIBILIDAD, UBI_ID) values ('SK6YL0 BHVCWDO 0HFWL', 15, 46, 'HINP8');

insert into PERSONA (PER_PRIMER_NOMBRE, PER_CORREO, PER_TIPO, PER_SEGUNDO_NOMBRE, PER_PRIMER_APELLIDO, PER_SEGUNDO_APELLIDO, PER_CEDULA) values ('YNE62LBUUF', 'MPQ1BQDTTIJLDG4', 0, 'PM5U33NNYC', 'CONV4JM H0', '48Y5MAJBOQ', 'ANE8ALU21N');

insert into PERSONA (PER_PRIMER_NOMBRE, PER_CORREO, PER_TIPO, PER_SEGUNDO_NOMBRE, PER_PRIMER_APELLIDO, PER_SEGUNDO_APELLIDO, PER_CEDULA) values ('082L2EC9J9', 'E6XBOJ 3V3AR 1D', 1, 'LW2S5X2P0M', 'NWB2NAP82P', '92RA2L3YA1', 'S232S9WPRK');

insert into PERSONA (PER_PRIMER_NOMBRE, PER_CORREO, PER_TIPO, PER_SEGUNDO_NOMBRE, PER_PRIMER_APELLIDO, PER_SEGUNDO_APELLIDO, PER_CEDULA) values ('UIH11PBNB5', 'OYYK18N569YTYR3', 2, 'ROUX77H NT', '9N5UUI75GH', 'B3AKYVY043', 'PRFU46L90A');

insert into PERSONA (PER_PRIMER_NOMBRE, PER_CORREO, PER_TIPO, PER_SEGUNDO_NOMBRE, PER_PRIMER_APELLIDO, PER_SEGUNDO_APELLIDO, PER_CEDULA) values ('LG2RQ5Y74J', '4GHMAKXWDI 4 DI', 0, 'LL6RXNT3JE', '3XM6PY0R W', 'DEXS548Q9 ', 'G5A3VWWQWE');

insert into PERSONA (PER_PRIMER_NOMBRE, PER_CORREO, PER_TIPO, PER_SEGUNDO_NOMBRE, PER_PRIMER_APELLIDO, PER_SEGUNDO_APELLIDO, PER_CEDULA) values ('NPDIS58MCC', 'RUCYMGA0Q BM5S ', 0, '5R6WU1XHWU', 'QM2BU9L9WV', 'V1DOW OSC0', '69OGM6T1BS');

insert into PERSONA (PER_PRIMER_NOMBRE, PER_CORREO, PER_TIPO, PER_SEGUNDO_NOMBRE, PER_PRIMER_APELLIDO, PER_SEGUNDO_APELLIDO, PER_CEDULA) values ('XQP7F447QW', 'ITIYUOABC32J5NC', 1, 'DWF0LN7CFK', 'UMSCTQKEHU', 'ARW4AADTIK', 'EIUI2L0YVK');

insert into PERSONA (PER_PRIMER_NOMBRE, PER_CORREO, PER_TIPO, PER_SEGUNDO_NOMBRE, PER_PRIMER_APELLIDO, PER_SEGUNDO_APELLIDO, PER_CEDULA) values ('Q9TYG89E0S', 'AG2LA6DT6DD3CBI', 2, 'PQVRXROX7H', '0 3FR5 JRI', 'DO 5P76E55', '5F6U1S1F0U');

insert into PERSONA (PER_PRIMER_NOMBRE, PER_CORREO, PER_TIPO, PER_SEGUNDO_NOMBRE, PER_PRIMER_APELLIDO, PER_SEGUNDO_APELLIDO, PER_CEDULA) values ('O6ENYWG8YD', 'GS7O8NFCYQJ7VCP', 0, 'Y6A94W6ACO', 'IVINDY6JG6', 'N9YS6PVYNC', '3HBHHAP2KE');

insert into PERSONA (PER_PRIMER_NOMBRE, PER_CORREO, PER_TIPO, PER_SEGUNDO_NOMBRE, PER_PRIMER_APELLIDO, PER_SEGUNDO_APELLIDO, PER_CEDULA) values ('1HFBX9KNEH', '4M 82ML7KUEHLVE', 0, 'R8A2J3AURT', '9IFMTKKR86', 'YNQ PPJVDG', 'FW65JKTFAR');

insert into PERSONA (PER_PRIMER_NOMBRE, PER_CORREO, PER_TIPO, PER_SEGUNDO_NOMBRE, PER_PRIMER_APELLIDO, PER_SEGUNDO_APELLIDO, PER_CEDULA) values ('LNYQF2KWL5', '2V6KQBXDLXRWXYB', 1, 'E7NIOWEV6U', 'EX4YN79 TJ', 'TM4TA8BFLY', 'JFE143G7VS');

insert into PERSONA (PER_PRIMER_NOMBRE, PER_CORREO, PER_TIPO, PER_SEGUNDO_NOMBRE, PER_PRIMER_APELLIDO, PER_SEGUNDO_APELLIDO, PER_CEDULA) values ('FYJ75TSWXC', 'V9GY61VVLHAHUAN', 2, 'AJ P13LPXM', 'UXW43VUURP', 'K6I1U0PYDK', 'C6MI69288U');

insert into PERSONA (PER_PRIMER_NOMBRE, PER_CORREO, PER_TIPO, PER_SEGUNDO_NOMBRE, PER_PRIMER_APELLIDO, PER_SEGUNDO_APELLIDO, PER_CEDULA) values ('EBG01ME1AL', 'M5N32V5P64HH VY', 0, 'D0USX2Q322', 'M37VL634KJ', 'K04E2N72FA', 'XKJJLD01SE');

insert into PERSONA (PER_PRIMER_NOMBRE, PER_CORREO, PER_TIPO, PER_SEGUNDO_NOMBRE, PER_PRIMER_APELLIDO, PER_SEGUNDO_APELLIDO, PER_CEDULA) values ('RGFRR442LA', '239TRUKVQNUBT5X', 0, 'X37L327 V0', 'XDO6 NAANL', ' 4UIB9CA7H', '6HCVP7R7D7');

insert into PERSONA (PER_PRIMER_NOMBRE, PER_CORREO, PER_TIPO, PER_SEGUNDO_NOMBRE, PER_PRIMER_APELLIDO, PER_SEGUNDO_APELLIDO, PER_CEDULA) values ('F NE5Q63 3', 'QMUXEAT 6 DWPWD', 1, 'CYKULDUWFE', '7UC0IFN5TO', ' NLDQ2G54C', 'BOVATA0UX3');

insert into PERSONA (PER_PRIMER_NOMBRE, PER_CORREO, PER_TIPO, PER_SEGUNDO_NOMBRE, PER_PRIMER_APELLIDO, PER_SEGUNDO_APELLIDO, PER_CEDULA) values ('0HY E3KUIF', 'VJ1V5X0JHWXQD7N', 2, 'QJRX07R02A', 'Y4TSS2UPSY', '2G6YIDLL6B', 'SB5VMHHWOU');

insert into PERSONA (PER_PRIMER_NOMBRE, PER_CORREO, PER_TIPO, PER_SEGUNDO_NOMBRE, PER_PRIMER_APELLIDO, PER_SEGUNDO_APELLIDO, PER_CEDULA) values ('IT1 B7Q1T6', '8VX1MVNSMSO3VTS', 0, 'UI8SYBXOGH', '4IQOSPF8A2', 'KRJJEN5D1V', 'Y7HN638SOW');

insert into PERSONA (PER_PRIMER_NOMBRE, PER_CORREO, PER_TIPO, PER_SEGUNDO_NOMBRE, PER_PRIMER_APELLIDO, PER_SEGUNDO_APELLIDO, PER_CEDULA) values ('8IMKS2SDJ0', '1WWW5 TXWK8YNRE', 0, 'F5JFL6JXT2', '0UA8RAWFK1', 'AT259GBYEK', 'EU3N5LS8QX');

insert into PERSONA (PER_PRIMER_NOMBRE, PER_CORREO, PER_TIPO, PER_SEGUNDO_NOMBRE, PER_PRIMER_APELLIDO, PER_SEGUNDO_APELLIDO, PER_CEDULA) values ('I7KYOX647D', '6BUTHDOMLPX RTS', 1, 'A9VOSLYMAU', '4VR9CKJ3J3', '5EWDMSAI3G', 'FG022FCLLO');

insert into PERSONA (PER_PRIMER_NOMBRE, PER_CORREO, PER_TIPO, PER_SEGUNDO_NOMBRE, PER_PRIMER_APELLIDO, PER_SEGUNDO_APELLIDO, PER_CEDULA) values ('GLJG48MJAW', 'BOR3D7PWG4B1OAK', 2, 'WW37165Y5Q', '3OE2B 7P5I', '8TI9JBICSE', 'E4BCETMAW6');

insert into PERSONA (PER_PRIMER_NOMBRE, PER_CORREO, PER_TIPO, PER_SEGUNDO_NOMBRE, PER_PRIMER_APELLIDO, PER_SEGUNDO_APELLIDO, PER_CEDULA) values ('SYQLS4J139', 'W876DAIYVT7RGHH', 0, '9YO47S3MF9', '71LFHYFKUD', '84QJO38869', 'VTDKCE12RM');

insert into PERSONA (PER_PRIMER_NOMBRE, PER_CORREO, PER_TIPO, PER_SEGUNDO_NOMBRE, PER_PRIMER_APELLIDO, PER_SEGUNDO_APELLIDO, PER_CEDULA) values ('F429Y8VHSS', 'C9M9 FSOO0XY3E9', 0, 'XVE5YAL4G0', 'I 1W7PSNYV', '1HC9CD74EB', 'HSWN0305DL');

insert into PERSONA (PER_PRIMER_NOMBRE, PER_CORREO, PER_TIPO, PER_SEGUNDO_NOMBRE, PER_PRIMER_APELLIDO, PER_SEGUNDO_APELLIDO, PER_CEDULA) values ('6 88KO1E4B', '3RPGBQVK5QJDXIE', 1, '068C45VTRU', 'HE4M3SN1MU', ' 4681DIW59', 'VJIPHC7OIL');

insert into PERSONA (PER_PRIMER_NOMBRE, PER_CORREO, PER_TIPO, PER_SEGUNDO_NOMBRE, PER_PRIMER_APELLIDO, PER_SEGUNDO_APELLIDO, PER_CEDULA) values ('HX819NF32Q', 'X OELWG9 8APHX9', 2, 'QM9EMVC8J6', 'XB7T43YSD0', '6K7K6FOIVT', 'MY70WT6W8I');

insert into PERSONA (PER_PRIMER_NOMBRE, PER_CORREO, PER_TIPO, PER_SEGUNDO_NOMBRE, PER_PRIMER_APELLIDO, PER_SEGUNDO_APELLIDO, PER_CEDULA) values (' V5S1YEKKV', 'S781A6GB3MO3X79', 0, 'D1STDII9RH', '0K36A8 UDK', 'SXSVGCKK2L', 'PSEAD MPWE');

insert into PERSONA (PER_PRIMER_NOMBRE, PER_CORREO, PER_TIPO, PER_SEGUNDO_NOMBRE, PER_PRIMER_APELLIDO, PER_SEGUNDO_APELLIDO, PER_CEDULA) values ('NKJMPUI4HA', 'TVMPV507QYL793W', 0, 'RSJGOKPJLO', 'SGFX6W4BC1', 'U1GS0TJ34A', 'ERVTM8KYI ');

insert into PERSONA (PER_PRIMER_NOMBRE, PER_CORREO, PER_TIPO, PER_SEGUNDO_NOMBRE, PER_PRIMER_APELLIDO, PER_SEGUNDO_APELLIDO, PER_CEDULA) values ('HLPM6ACMGJ', 'A4I1NTT8K3VGBHX', 1, '76PE5VPESO', 'RHCS OA5OW', 'GITT3P9HML', 'D8EJIIFWO ');

insert into PERSONA (PER_PRIMER_NOMBRE, PER_CORREO, PER_TIPO, PER_SEGUNDO_NOMBRE, PER_PRIMER_APELLIDO, PER_SEGUNDO_APELLIDO, PER_CEDULA) values ('4XXA1JNRIA', 'R8K03GO2L JGVFP', 2, 'PMPQQHRVHN', 'C133DIM1R5', '8A04YP6MGE', '2R6QUU8MHR');

insert into PERSONA (PER_PRIMER_NOMBRE, PER_CORREO, PER_TIPO, PER_SEGUNDO_NOMBRE, PER_PRIMER_APELLIDO, PER_SEGUNDO_APELLIDO, PER_CEDULA) values ('8363SG2YOA', 'S61PWA2EUC8NELA', 0, '1 VQ OV9RO', 'K1Y 9CQIO6', '56OK7GF7GN', 'KIQAD19GHT');

insert into PERSONA (PER_PRIMER_NOMBRE, PER_CORREO, PER_TIPO, PER_SEGUNDO_NOMBRE, PER_PRIMER_APELLIDO, PER_SEGUNDO_APELLIDO, PER_CEDULA) values ('6EV2J XJQG', '0E63OFQ48YL41PP', 0, 'XR947D6ENT', 'W2BYKG27Y6', '72IB6BM6EC', '1MXHX03602');

insert into PERSONA (PER_PRIMER_NOMBRE, PER_CORREO, PER_TIPO, PER_SEGUNDO_NOMBRE, PER_PRIMER_APELLIDO, PER_SEGUNDO_APELLIDO, PER_CEDULA) values ('6FCCDAAXN2', '5Q91E0XU8T3QH4S', 1, '7VEIGGOGRD', '447YKX6TWY', 'KNHHP1GJC5', 'QR  X2WPV8');

insert into PERSONA (PER_PRIMER_NOMBRE, PER_CORREO, PER_TIPO, PER_SEGUNDO_NOMBRE, PER_PRIMER_APELLIDO, PER_SEGUNDO_APELLIDO, PER_CEDULA) values ('USUBJEOVQV', 'OKJEGI54 S11UBC', 2, 'J4Y3RGTYMU', 'QK65169K7U', 'DNLKMJ87AE', 'M1A59WUA3R');

insert into PERSONA (PER_PRIMER_NOMBRE, PER_CORREO, PER_TIPO, PER_SEGUNDO_NOMBRE, PER_PRIMER_APELLIDO, PER_SEGUNDO_APELLIDO, PER_CEDULA) values ('LAVMB 7SN8', 'MUCUGB3RGTWRPAR', 0, 'K5EBJ0ERMP', 'DIDV1HQAY4', '0YWJ1O9VO2', 'PU0ISU2319');

insert into PERSONA (PER_PRIMER_NOMBRE, PER_CORREO, PER_TIPO, PER_SEGUNDO_NOMBRE, PER_PRIMER_APELLIDO, PER_SEGUNDO_APELLIDO, PER_CEDULA) values ('QBI1UPHYWR', '4LTSYG5H9EIIWEP', 0, 'FSW4I6 RVC', 'F6K6CVUU8O', 'F4QJDGEP9I', 'LWNM95MIX3');

insert into PERSONA (PER_PRIMER_NOMBRE, PER_CORREO, PER_TIPO, PER_SEGUNDO_NOMBRE, PER_PRIMER_APELLIDO, PER_SEGUNDO_APELLIDO, PER_CEDULA) values ('459SQKKJSU', 'NB0B6RNMPHV5XI7', 1, 'UEDSFEIYF3', 'L6LNTUWA15', 'RKTE9RIFXM', 'I9PAX2Q6TB');

insert into PERSONA (PER_PRIMER_NOMBRE, PER_CORREO, PER_TIPO, PER_SEGUNDO_NOMBRE, PER_PRIMER_APELLIDO, PER_SEGUNDO_APELLIDO, PER_CEDULA) values ('RN2UYGMSO0', 'XYL9276OUTYB OJ', 2, 'XH3I318S37', 'IJMOY4TAYU', '1 XTSNEC3T', ' 3YKF8VC4E');

insert into PERSONA (PER_PRIMER_NOMBRE, PER_CORREO, PER_TIPO, PER_SEGUNDO_NOMBRE, PER_PRIMER_APELLIDO, PER_SEGUNDO_APELLIDO, PER_CEDULA) values ('DC7H0 AKGP', 'NNF02B4MR49XU9E', 0, '6SHGRVVVN6', 'QW0QBSBE7F', 'SSLRBHQCL4', 'Y7YIYF9JU5');

insert into PERSONA (PER_PRIMER_NOMBRE, PER_CORREO, PER_TIPO, PER_SEGUNDO_NOMBRE, PER_PRIMER_APELLIDO, PER_SEGUNDO_APELLIDO, PER_CEDULA) values ('840QSBO3B9', 'KD7WGRPKLKIGIKO', 0, 'C9PCGI7R5G', 'JWQQTMA2KJ', 'LG08N1KIPN', 'VN3OW0A4R2');

insert into PERSONA (PER_PRIMER_NOMBRE, PER_CORREO, PER_TIPO, PER_SEGUNDO_NOMBRE, PER_PRIMER_APELLIDO, PER_SEGUNDO_APELLIDO, PER_CEDULA) values ('GYCOF55JT2', 'N1OJIM6C6XBEX7 ', 1, 'NN1JT8KDD9', 'JBO0Q7J0P8', 'G7SMMUODOE', '1CKLF859H2');

insert into PERSONA (PER_PRIMER_NOMBRE, PER_CORREO, PER_TIPO, PER_SEGUNDO_NOMBRE, PER_PRIMER_APELLIDO, PER_SEGUNDO_APELLIDO, PER_CEDULA) values ('XKGDDOAW33', '8S2QJA78EDOQXU2', 2, 'T4F 56WQII', '2KO5DX36SD', 'DI3WLGBVGG', '0USKY3I94Y');

insert into PERSONA (PER_PRIMER_NOMBRE, PER_CORREO, PER_TIPO, PER_SEGUNDO_NOMBRE, PER_PRIMER_APELLIDO, PER_SEGUNDO_APELLIDO, PER_CEDULA) values ('LRAC6X6OGY', '4PPC5G52A87AP7Y', 0, 'SSDXLUDHHQ', 'CCM5LNCMH4', 'W6BM5Y2J15', '68L8Y4QASS');

insert into PERSONA (PER_PRIMER_NOMBRE, PER_CORREO, PER_TIPO, PER_SEGUNDO_NOMBRE, PER_PRIMER_APELLIDO, PER_SEGUNDO_APELLIDO, PER_CEDULA) values (' KE0G9TRIK', 'OIKBP81ATTTGWAB', 0, 'EE J9M3LS8', 'H88IFL9FWM', 'YHE4NEEDAD', 'OR SV125M2');

insert into PERSONA (PER_PRIMER_NOMBRE, PER_CORREO, PER_TIPO, PER_SEGUNDO_NOMBRE, PER_PRIMER_APELLIDO, PER_SEGUNDO_APELLIDO, PER_CEDULA) values ('G1 EOV0A H', '7PVCPCBKOW789K ', 1, '084MQ4I9UF', 'HB0GC5DCAD', 'FALH6V59FJ', 'VOMIE2OLPY');

insert into PERSONA (PER_PRIMER_NOMBRE, PER_CORREO, PER_TIPO, PER_SEGUNDO_NOMBRE, PER_PRIMER_APELLIDO, PER_SEGUNDO_APELLIDO, PER_CEDULA) values ('5L4V DS2DW', 'IRHED8SC3IN0MAK', 2, '09YOK LXGM', 'LWK9J95DAJ', 'YY7XWRX0XA', '5W5GUIVGT8');

insert into PERSONA (PER_PRIMER_NOMBRE, PER_CORREO, PER_TIPO, PER_SEGUNDO_NOMBRE, PER_PRIMER_APELLIDO, PER_SEGUNDO_APELLIDO, PER_CEDULA) values ('HMQN31DQBE', '7RAYUU7J68YE4U2', 0, 'FWEC08T4NE', '3M8HQP2 04', 'DXQ3S 3JLT', 'TXKA7OKB4O');

insert into PERSONA (PER_PRIMER_NOMBRE, PER_CORREO, PER_TIPO, PER_SEGUNDO_NOMBRE, PER_PRIMER_APELLIDO, PER_SEGUNDO_APELLIDO, PER_CEDULA) values ('HD8KACFMBH', ' UM43J2SNYE7KY1', 0, 'T4PHOVQ7X5', '21AUOQYX1B', '5QO6SRUWLM', 'IOBBHGND3T');

insert into PERSONA (PER_PRIMER_NOMBRE, PER_CORREO, PER_TIPO, PER_SEGUNDO_NOMBRE, PER_PRIMER_APELLIDO, PER_SEGUNDO_APELLIDO, PER_CEDULA) values ('RO4A4KYJCR', 'PYGLWCS2EGRGGLC', 1, 'VY HMBNEK6', 'W4KJ0X34B9', '17UINEK0CK', ' L96GMIXAA');

insert into PERSONA (PER_PRIMER_NOMBRE, PER_CORREO, PER_TIPO, PER_SEGUNDO_NOMBRE, PER_PRIMER_APELLIDO, PER_SEGUNDO_APELLIDO, PER_CEDULA) values ('ICLY CNSXK', ' 3 7R18LU10GUJH', 2, '2E6Q269OOJ', ' SUL2BGAPR', '7XU9D5PP4D', 'DWH46 LPGO');

insert into PERSONA (PER_PRIMER_NOMBRE, PER_CORREO, PER_TIPO, PER_SEGUNDO_NOMBRE, PER_PRIMER_APELLIDO, PER_SEGUNDO_APELLIDO, PER_CEDULA) values ('0QKXAWC JS', 'DEVITONNOUA0I3K', 0, '8AAP9SOCVU', 'EJV8U0WHRU', 'QDUCVNGOU3', 'S4VTLYIVSM');

insert into PERSONA (PER_PRIMER_NOMBRE, PER_CORREO, PER_TIPO, PER_SEGUNDO_NOMBRE, PER_PRIMER_APELLIDO, PER_SEGUNDO_APELLIDO, PER_CEDULA) values ('S7XDL2L F5', 'OKU8WXQLIH40AJI', 0, '2LF4 677X7', '61VFHB37E3', 'XW34I4GL81', '4MVXSN9C2U');

insert into PERSONA (PER_PRIMER_NOMBRE, PER_CORREO, PER_TIPO, PER_SEGUNDO_NOMBRE, PER_PRIMER_APELLIDO, PER_SEGUNDO_APELLIDO, PER_CEDULA) values ('D8CWXRKT4I', 'OTLMBWRWK6L02D6', 1, 'Q20DCFY0VJ', 'GN6E O2IPK', '32XB6EL9PB', 'U S GLQ3 D');

insert into HORARIO_DE_EVENTO (EVE_ID, UBI_ID, HORA_INICIO, HORA_FIN, FECHA) values ('JGW0E', 'SCA22', '314-5-17 2:10:9', '385-2-19 2:5:5', '880-10-17 4:34:19');

insert into HORARIO_DE_EVENTO (EVE_ID, UBI_ID, HORA_INICIO, HORA_FIN, FECHA) values ('VF99R', 'YC7RC', '1039-7-6 6:1:10', '1408-12-13 7:56:19', '1276-11-6 6:47:39');

insert into HORARIO_DE_EVENTO (EVE_ID, UBI_ID, HORA_INICIO, HORA_FIN, FECHA) values ('84G5O', 'YXQKX', '1556-3-17 8:55:47', '1672-6-4 9:22:36', '798-9-21 4:8:35');

insert into HORARIO_DE_EVENTO (EVE_ID, UBI_ID, HORA_INICIO, HORA_FIN, FECHA) values ('9ANPG', 'CJD69', '1964-1-5 11:6:15', '281-3-21 1:39:26', '1013-10-10 5:20:41');

insert into HORARIO_DE_EVENTO (EVE_ID, UBI_ID, HORA_INICIO, HORA_FIN, FECHA) values ('F 5L ', 'E DSX', '1504-10-11 8:40:34', '667-3-4 3:29:21', '143-12-12 0:35:24');

insert into HORARIO_DE_EVENTO (EVE_ID, UBI_ID, HORA_INICIO, HORA_FIN, FECHA) values ('3N96S', 'RTLP1', '1770-12-5 10:1:35', '1738-11-5 9:54:27', '1966-7-25 10:26:53');

insert into HORARIO_DE_EVENTO (EVE_ID, UBI_ID, HORA_INICIO, HORA_FIN, FECHA) values ('MGK3D', 'IWSUV', '240-10-1 1:31:35', '739-11-23 3:59:6', '1473-4-24 7:29:55');

insert into HORARIO_DE_EVENTO (EVE_ID, UBI_ID, HORA_INICIO, HORA_FIN, FECHA) values ('MU3C7', 'N6L7A', '1245-5-17 7:16:19', '997-9-6 5:27:20', '770-8-28 3:57:26');

insert into HORARIO_DE_EVENTO (EVE_ID, UBI_ID, HORA_INICIO, HORA_FIN, FECHA) values ('F61G4', 'VCB0A', '291-12-9 1:59:34', '797-7-5 4:18:57', '1060-3-27 5:33:0');

insert into HORARIO_DE_EVENTO (EVE_ID, UBI_ID, HORA_INICIO, HORA_FIN, FECHA) values ('Y3IBC', 'LHMQV', '1625-9-21 9:21:3', '1615-3-22 9:10:2', '970-9-25 5:7:24');

insert into HORARIO_DE_EVENTO (EVE_ID, UBI_ID, HORA_INICIO, HORA_FIN, FECHA) values ('4RO8 ', 'R7RUU', '1891-5-24 10:43:46', '235-10-29 1:21:36', '1218-3-25 6:32:23');

insert into HORARIO_DE_EVENTO (EVE_ID, UBI_ID, HORA_INICIO, HORA_FIN, FECHA) values ('7C4HL', 'IWMXW', '622-2-5 3:41:4', '941-3-17 5:19:3', '273-9-14 1:7:25');

insert into HORARIO_DE_EVENTO (EVE_ID, UBI_ID, HORA_INICIO, HORA_FIN, FECHA) values ('3FSK7', '269PV', '757-10-11 4:15:19', '1859-7-18 10:40:5', '698-7-24 3:27:33');

insert into HORARIO_DE_EVENTO (EVE_ID, UBI_ID, HORA_INICIO, HORA_FIN, FECHA) values ('HXBR3', 'APAO9', '1012-8-11 5:51:41', '624-12-7 3:11:23', '1585-11-21 8:3:31');

insert into HORARIO_DE_EVENTO (EVE_ID, UBI_ID, HORA_INICIO, HORA_FIN, FECHA) values ('P0H3 ', 'VVSSY', '1467-11-7 8:32:0', '1582-4-26 8:55:22', '1496-12-25 7:45:43');

insert into HORARIO_DE_EVENTO (EVE_ID, UBI_ID, HORA_INICIO, HORA_FIN, FECHA) values (' 73DQ', '9ATJL', '1578-11-16 9:8:45', '590-8-4 2:59:33', '1311-6-11 6:54:12');

insert into HORARIO_DE_EVENTO (EVE_ID, UBI_ID, HORA_INICIO, HORA_FIN, FECHA) values ('JEYXT', 'TB4LP', '1441-3-8 8:14:19', '332-4-18 1:50:43', '605-3-23 3:0:27');

insert into HORARIO_DE_EVENTO (EVE_ID, UBI_ID, HORA_INICIO, HORA_FIN, FECHA) values ('KXJXF', 'L 72R', '937-7-8 5:24:22', '512-6-7 2:39:43', '227-5-3 0:59:0');

insert into HORARIO_DE_EVENTO (EVE_ID, UBI_ID, HORA_INICIO, HORA_FIN, FECHA) values ('8WJF3', 'FUC7V', '1861-9-19 10:26:15', '1128-3-11 6:16:8', '1421-7-11 7:19:29');

insert into HORARIO_DE_EVENTO (EVE_ID, UBI_ID, HORA_INICIO, HORA_FIN, FECHA) values ('DG576', 'KPQDE', '1401-8-27 8:1:55', '1054-6-14 5:47:13', '1720-1-28 9:12:24');

insert into HORARIO_DE_EVENTO (EVE_ID, UBI_ID, HORA_INICIO, HORA_FIN, FECHA) values ('Q53AA', 'RE6F2', '475-2-3 2:50:7', '1480-2-19 8:27:57', '1743-1-4 9:20:12');

insert into HORARIO_DE_EVENTO (EVE_ID, UBI_ID, HORA_INICIO, HORA_FIN, FECHA) values ('6EFSA', 'IPDAH', '1718-2-11 9:47:51', '150-3-14 0:40:44', '1882-3-9 10:1:4');

insert into HORARIO_DE_EVENTO (EVE_ID, UBI_ID, HORA_INICIO, HORA_FIN, FECHA) values ('4VE3U', 'VV5  ', '1154-6-12 6:45:51', '1911-8-2 10:51:14', '1625-10-21 8:22:13');

insert into HORARIO_DE_EVENTO (EVE_ID, UBI_ID, HORA_INICIO, HORA_FIN, FECHA) values ('L8YG2', '99UBL', '1077-11-23 6:11:32', '35-7-29 0:14:57', '1165-7-10 6:18:40');

insert into HORARIO_DE_EVENTO (EVE_ID, UBI_ID, HORA_INICIO, HORA_FIN, FECHA) values ('8APJ8', 'LJJ7P', '426-9-9 2:43:18', '90-12-18 0:27:35', '909-9-25 4:45:4');

insert into HORARIO_DE_EVENTO (EVE_ID, UBI_ID, HORA_INICIO, HORA_FIN, FECHA) values ('MNOAD', 'ELU8M', '512-6-5 2:59:20', '832-1-28 4:33:31', '1651-12-19 8:42:2');

insert into HORARIO_DE_EVENTO (EVE_ID, UBI_ID, HORA_INICIO, HORA_FIN, FECHA) values ('R 697', 'YGA0O', '1681-5-21 9:34:13', '1245-1-25 6:54:55', '2018-8-18 10:34:16');

insert into HORARIO_DE_EVENTO (EVE_ID, UBI_ID, HORA_INICIO, HORA_FIN, FECHA) values ('1WNKH', 'JTC8P', '46-9-4 0:14:15', '1101-5-6 5:56:44', '416-5-2 1:52:44');

insert into HORARIO_DE_EVENTO (EVE_ID, UBI_ID, HORA_INICIO, HORA_FIN, FECHA) values ('PBOF7', 'WPC5H', '193-6-22 1:14:6', '1313-7-24 7:26:13', '45-12-4 0:9:41');

insert into HORARIO_DE_EVENTO (EVE_ID, UBI_ID, HORA_INICIO, HORA_FIN, FECHA) values ('EPR5U', 'MI03O', '368-9-10 2:23:25', '1293-4-11 7:16:25', '571-12-26 2:42:0');

insert into HORARIO_DE_EVENTO (EVE_ID, UBI_ID, HORA_INICIO, HORA_FIN, FECHA) values ('9FGAO', 'UGYR4', '122-4-10 0:44:23', '1219-5-25 6:48:16', '1-1-1 0:0:0');

insert into HORARIO_DE_EVENTO (EVE_ID, UBI_ID, HORA_INICIO, HORA_FIN, FECHA) values ('8M10H', '3EAR8', '653-4-4 3:48:32', '1271-3-10 7:5:51', '1364-1-5 7:10:29');

insert into HORARIO_DE_EVENTO (EVE_ID, UBI_ID, HORA_INICIO, HORA_FIN, FECHA) values ('FBGIF', 'MYBWF', '883-12-21 5:7:49', '462-10-28 2:25:43', '1836-10-23 9:49:49');

insert into HORARIO_DE_EVENTO (EVE_ID, UBI_ID, HORA_INICIO, HORA_FIN, FECHA) values ('78LA0', 'HPF6L', '817-10-3 4:44:39', '1385-2-6 7:42:25', '1800-11-18 9:37:2');

insert into HORARIO_DE_EVENTO (EVE_ID, UBI_ID, HORA_INICIO, HORA_FIN, FECHA) values ('DQ5OF', 'XUPG6', '848-11-24 4:53:32', '777-10-19 4:9:39', '193-12-4 0:48:46');

insert into HORARIO_DE_EVENTO (EVE_ID, UBI_ID, HORA_INICIO, HORA_FIN, FECHA) values ('LF3VI', '9FJ4X', '1344-4-8 7:47:49', '689-5-2 3:47:7', '467-4-22 2:12:26');

insert into HORARIO_DE_EVENTO (EVE_ID, UBI_ID, HORA_INICIO, HORA_FIN, FECHA) values ('LQYLH', 'TJP Q', '703-8-4 4:7:50', '552-2-11 2:51:10', '748-11-13 3:47:29');

insert into HORARIO_DE_EVENTO (EVE_ID, UBI_ID, HORA_INICIO, HORA_FIN, FECHA) values ('WFD B', '1K1VR', '171-8-3 1:0:39', '1451-1-3 8:9:4', '644-12-26 3:7:44');

insert into HORARIO_DE_EVENTO (EVE_ID, UBI_ID, HORA_INICIO, HORA_FIN, FECHA) values ('27MHV', 'UO6 D', '591-12-26 3:23:38', '428-6-28 2:18:4', '1678-5-12 9:0:21');

insert into HORARIO_DE_EVENTO (EVE_ID, UBI_ID, HORA_INICIO, HORA_FIN, FECHA) values ('AMFPL', '3JU4D', '1929-9-5 10:54:13', '899-3-13 5:3:55', '821-12-27 4:18:26');

insert into HORARIO_DE_EVENTO (EVE_ID, UBI_ID, HORA_INICIO, HORA_FIN, FECHA) values ('9GJXB', 'UMOF1', '791-3-22 4:30:15', '1778-1-13 10:7:48', '721-4-12 3:36:19');

insert into HORARIO_DE_EVENTO (EVE_ID, UBI_ID, HORA_INICIO, HORA_FIN, FECHA) values ('LHE0E', 'TMW2D', '1297-11-3 7:34:26', '1-1-1 0:0:0', '1528-11-8 7:55:33');

insert into HORARIO_DE_EVENTO (EVE_ID, UBI_ID, HORA_INICIO, HORA_FIN, FECHA) values ('18FEE', 'E36PV', '1819-10-4 10:11:13', '1705-7-23 9:36:58', '1923-4-10 10:15:34');

insert into HORARIO_DE_EVENTO (EVE_ID, UBI_ID, HORA_INICIO, HORA_FIN, FECHA) values ('L9MH1', '00BS9', '571-11-5 3:11:22', '175-3-28 0:55:39', '324-9-7 1:17:50');

insert into HORARIO_DE_EVENTO (EVE_ID, UBI_ID, HORA_INICIO, HORA_FIN, FECHA) values ('77BXE', 'CUDUC', '1189-4-9 6:56:26', '211-12-4 1:11:34', '1091-11-16 5:42:39');

insert into HORARIO_DE_EVENTO (EVE_ID, UBI_ID, HORA_INICIO, HORA_FIN, FECHA) values ('VDG7O', 'FJ7BJ', '974-10-15 5:35:37', '1533-12-14 8:44:24', '376-6-27 1:36:28');

insert into HORARIO_DE_EVENTO (EVE_ID, UBI_ID, HORA_INICIO, HORA_FIN, FECHA) values ('TJ1BU', 'U2RDS', '93-8-9 0:32:25', '856-9-5 4:45:41', '940-10-16 4:58:29');

insert into HORARIO_DE_EVENTO (EVE_ID, UBI_ID, HORA_INICIO, HORA_FIN, FECHA) values ('81FWP', 'YCI4R', '1123-7-28 6:28:25', '1802-8-29 10:21:17', '87-3-5 0:19:37');

insert into HORARIO_DE_EVENTO (EVE_ID, UBI_ID, HORA_INICIO, HORA_FIN, FECHA) values ('D2939', 'F78JQ', '271-9-2 1:49:7', '1359-12-10 7:33:15', '515-12-7 2:22:10');

insert into HORARIO_DE_EVENTO (EVE_ID, UBI_ID, HORA_INICIO, HORA_FIN, FECHA) values ('A6BTI', 'HINP8', '1-1-1 0:0:0', '1170-10-27 6:33:11', '1133-8-17 6:1:19');

insert into ORGANIZADOR (PER_CEDULA, ORG_ID, PER_PRIMER_NOMBRE, PER_CORREO, PER_TIPO, PER_SEGUNDO_NOMBRE, PER_PRIMER_APELLIDO, PER_SEGUNDO_APELLIDO) values ('ANE8ALU21N', 'VEN4AXEGTR', 'KYWR57OULL', 'T2EPYSK0BF6T0KJ', 1, '77GP6 T18Y', '1R087S94GH', 'FS0SI7SYSR');

insert into ORGANIZADOR (PER_CEDULA, ORG_ID, PER_PRIMER_NOMBRE, PER_CORREO, PER_TIPO, PER_SEGUNDO_NOMBRE, PER_PRIMER_APELLIDO, PER_SEGUNDO_APELLIDO) values ('S232S9WPRK', 'KHD4FHPGF7', '1TJUR3IL8U', '9YPG8TNB39 H0Y1', 2, 'YPJAL4G08D', '9R5260I9XK', 'YC63XJ6X0 ');

insert into ORGANIZADOR (PER_CEDULA, ORG_ID, PER_PRIMER_NOMBRE, PER_CORREO, PER_TIPO, PER_SEGUNDO_NOMBRE, PER_PRIMER_APELLIDO, PER_SEGUNDO_APELLIDO) values ('PRFU46L90A', 'FQCM7VB4J4', 'XVB3SIGOXE', 'WPQIUAVD1KPEQY2', 0, '7Q3IBCAJ L', '3HI2WAT Q7', '6L69WYEJQL');

insert into ORGANIZADOR (PER_CEDULA, ORG_ID, PER_PRIMER_NOMBRE, PER_CORREO, PER_TIPO, PER_SEGUNDO_NOMBRE, PER_PRIMER_APELLIDO, PER_SEGUNDO_APELLIDO) values ('G5A3VWWQWE', 'EUKK8TL2LF', 'HKANR4PN0E', '3CS0 2OM45C0QQ5', 0, 'FWIIGR75WG', 'SUAX3TVG3W', 'HUA5PGCSVD');

insert into ORGANIZADOR (PER_CEDULA, ORG_ID, PER_PRIMER_NOMBRE, PER_CORREO, PER_TIPO, PER_SEGUNDO_NOMBRE, PER_PRIMER_APELLIDO, PER_SEGUNDO_APELLIDO) values ('69OGM6T1BS', 'P4S 9ONJ9O', '4EFOU8KQVW', 'BNN6JW3CD9G99J0', 1, '3GS042D71N', '9S5U6NC5YB', 'G4PNDQKD6I');

insert into ORGANIZADOR (PER_CEDULA, ORG_ID, PER_PRIMER_NOMBRE, PER_CORREO, PER_TIPO, PER_SEGUNDO_NOMBRE, PER_PRIMER_APELLIDO, PER_SEGUNDO_APELLIDO) values ('EIUI2L0YVK', '3RE 9E2A5R', 'WA6A2JSW3R', 'DI04C6YT8XEN771', 2, '9J30LW82IM', 'A8U8RALR A', 'KAJS3PS6TQ');

insert into ORGANIZADOR (PER_CEDULA, ORG_ID, PER_PRIMER_NOMBRE, PER_CORREO, PER_TIPO, PER_SEGUNDO_NOMBRE, PER_PRIMER_APELLIDO, PER_SEGUNDO_APELLIDO) values ('5F6U1S1F0U', '4SNTUS68FG', 'C 7WG4JI35', 'PI3WU04VGLDOJOP', 0, 'MQJ2HMNHDI', 'XBDCXVA6HL', 'OW4XDMFRR0');

insert into ORGANIZADOR (PER_CEDULA, ORG_ID, PER_PRIMER_NOMBRE, PER_CORREO, PER_TIPO, PER_SEGUNDO_NOMBRE, PER_PRIMER_APELLIDO, PER_SEGUNDO_APELLIDO) values ('3HBHHAP2KE', '6VSO4 7YRF', 'MHFOKMW999', 'TCG7VUSW8TV5H9H', 0, 'CWSFS 83O4', 'K0DF33NWGI', 'NX614STNL2');

insert into ORGANIZADOR (PER_CEDULA, ORG_ID, PER_PRIMER_NOMBRE, PER_CORREO, PER_TIPO, PER_SEGUNDO_NOMBRE, PER_PRIMER_APELLIDO, PER_SEGUNDO_APELLIDO) values ('FW65JKTFAR', 'CAJG8 2F38', '9ROSM8CJJ8', 'DWDS9S11CKXAH7Y', 1, '3LHIR66XID', '0EO5CXS6TN', 'VINJ7BI2HN');

insert into ORGANIZADOR (PER_CEDULA, ORG_ID, PER_PRIMER_NOMBRE, PER_CORREO, PER_TIPO, PER_SEGUNDO_NOMBRE, PER_PRIMER_APELLIDO, PER_SEGUNDO_APELLIDO) values ('JFE143G7VS', 'GYWV41TXW5', 'BYSOFA1OWE', 'XR2M9RMAUMY6IT5', 2, 'B5YY2NUK1O', 'PTHTOKA322', '0IXGGC 9MB');

insert into ORGANIZADOR (PER_CEDULA, ORG_ID, PER_PRIMER_NOMBRE, PER_CORREO, PER_TIPO, PER_SEGUNDO_NOMBRE, PER_PRIMER_APELLIDO, PER_SEGUNDO_APELLIDO) values ('C6MI69288U', '037OYFSHB0', 'QHI0A3J1Y9', 'FOGKHWRSMEK9DKW', 0, 'MB8AUQWGNL', 'TLNXKVLU4D', 'OOBVMHXKGC');

insert into ORGANIZADOR (PER_CEDULA, ORG_ID, PER_PRIMER_NOMBRE, PER_CORREO, PER_TIPO, PER_SEGUNDO_NOMBRE, PER_PRIMER_APELLIDO, PER_SEGUNDO_APELLIDO) values ('XKJJLD01SE', 'DEGORAUIQU', 'M7GW9L 9G7', 'AJL BEA7QCTL83U', 0, '7JWHM75F7O', 'FCK7S2NQ48', 'IR5X9LBQ3D');

insert into ORGANIZADOR (PER_CEDULA, ORG_ID, PER_PRIMER_NOMBRE, PER_CORREO, PER_TIPO, PER_SEGUNDO_NOMBRE, PER_PRIMER_APELLIDO, PER_SEGUNDO_APELLIDO) values ('6HCVP7R7D7', 'TKK  Y9SD8', 'B5P R7JOMF', '8EW82APW9R0JOFX', 1, 'Y0X70ENGA7', '0PWDMLNMO ', 'JKSFE78EKD');

insert into ORGANIZADOR (PER_CEDULA, ORG_ID, PER_PRIMER_NOMBRE, PER_CORREO, PER_TIPO, PER_SEGUNDO_NOMBRE, PER_PRIMER_APELLIDO, PER_SEGUNDO_APELLIDO) values ('BOVATA0UX3', 'SQH0PHHMS1', '9PR6GI0NV8', 'EI0A71EWA94XX7E', 2, 'JAPLXALV0X', 'IY9EW5SRMN', '46UV TJHQ ');

insert into ORGANIZADOR (PER_CEDULA, ORG_ID, PER_PRIMER_NOMBRE, PER_CORREO, PER_TIPO, PER_SEGUNDO_NOMBRE, PER_PRIMER_APELLIDO, PER_SEGUNDO_APELLIDO) values ('SB5VMHHWOU', 'FF199D7HS1', 'D5IOS8B2YM', 'MLWKQF WJ6CF3HW', 0, 'VH4 1GASAC', 'W6OQW4B5IA', 'MAOOH885OR');

insert into ORGANIZADOR (PER_CEDULA, ORG_ID, PER_PRIMER_NOMBRE, PER_CORREO, PER_TIPO, PER_SEGUNDO_NOMBRE, PER_PRIMER_APELLIDO, PER_SEGUNDO_APELLIDO) values ('Y7HN638SOW', 'VNYOEIR U3', 'KFF197H6GD', 'UFL4FFPVODC7 XS', 0, '8XN5XRK46B', '14QIOWTBYU', '1CLWKE66Y0');

insert into ORGANIZADOR (PER_CEDULA, ORG_ID, PER_PRIMER_NOMBRE, PER_CORREO, PER_TIPO, PER_SEGUNDO_NOMBRE, PER_PRIMER_APELLIDO, PER_SEGUNDO_APELLIDO) values ('EU3N5LS8QX', 'CSCSHVS66N', 'Y8TXS2UCE ', '92 A RPGDHT14IO', 1, '17B0EILDPG', 'OUEFYMXSO4', 'E 90XKXW0O');

insert into ORGANIZADOR (PER_CEDULA, ORG_ID, PER_PRIMER_NOMBRE, PER_CORREO, PER_TIPO, PER_SEGUNDO_NOMBRE, PER_PRIMER_APELLIDO, PER_SEGUNDO_APELLIDO) values ('FG022FCLLO', 'WR9K2LQLFO', 'FRGNXLAK1F', 'PRQ0XUDFPMHV4HN', 2, 'ROKSA6BNR9', 'XBW GRITOL', '9DR420HRPL');

insert into ORGANIZADOR (PER_CEDULA, ORG_ID, PER_PRIMER_NOMBRE, PER_CORREO, PER_TIPO, PER_SEGUNDO_NOMBRE, PER_PRIMER_APELLIDO, PER_SEGUNDO_APELLIDO) values ('E4BCETMAW6', 'VNDGKYMASY', '9GUF47LJ7W', 'K7V J U6PRU Y0A', 0, 'OVB5N2AVCJ', 'X81LJAH8P ', 'GY NL47BV4');

insert into ORGANIZADOR (PER_CEDULA, ORG_ID, PER_PRIMER_NOMBRE, PER_CORREO, PER_TIPO, PER_SEGUNDO_NOMBRE, PER_PRIMER_APELLIDO, PER_SEGUNDO_APELLIDO) values ('VTDKCE12RM', '8C1KHCPC0O', 'DCH47E50NA', 'IS7T295LN5RGK5K', 0, 'EGPBQRB31E', 'VIUGBS74TY', 'H AGJ1LNHA');

insert into ORGANIZADOR (PER_CEDULA, ORG_ID, PER_PRIMER_NOMBRE, PER_CORREO, PER_TIPO, PER_SEGUNDO_NOMBRE, PER_PRIMER_APELLIDO, PER_SEGUNDO_APELLIDO) values ('HSWN0305DL', 'UVH ASUR05', 'C PXETX4LW', 'ET805M3P7Q6E83R', 1, 'XGEUEYLRLA', '7E297N24B2', '4HG5RIYD51');

insert into ORGANIZADOR (PER_CEDULA, ORG_ID, PER_PRIMER_NOMBRE, PER_CORREO, PER_TIPO, PER_SEGUNDO_NOMBRE, PER_PRIMER_APELLIDO, PER_SEGUNDO_APELLIDO) values ('VJIPHC7OIL', 'WU5ORXK0FA', 'WYBXSDG3JI', 'OP2HYHK4XK6VEK ', 2, '9H79 MC8VS', '20AKXBUU5A', 'KTOPEW7 SA');

insert into ORGANIZADOR (PER_CEDULA, ORG_ID, PER_PRIMER_NOMBRE, PER_CORREO, PER_TIPO, PER_SEGUNDO_NOMBRE, PER_PRIMER_APELLIDO, PER_SEGUNDO_APELLIDO) values ('MY70WT6W8I', 'C5A3PGA5I6', 'AQ48RX EPO', 'SARBGWRVRTDWWDW', 0, '11AXHH2407', 'GJEA5UYOTT', 'ETV9YBP12M');

insert into ORGANIZADOR (PER_CEDULA, ORG_ID, PER_PRIMER_NOMBRE, PER_CORREO, PER_TIPO, PER_SEGUNDO_NOMBRE, PER_PRIMER_APELLIDO, PER_SEGUNDO_APELLIDO) values ('PSEAD MPWE', 'MPCP 0FXB5', '1W7NEW2BP7', '2FDG530J5WMX L ', 0, 'AN39LEXRAO', 'NQE5734V7E', 'WQNWDV3GHI');

insert into ORGANIZADOR (PER_CEDULA, ORG_ID, PER_PRIMER_NOMBRE, PER_CORREO, PER_TIPO, PER_SEGUNDO_NOMBRE, PER_PRIMER_APELLIDO, PER_SEGUNDO_APELLIDO) values ('ERVTM8KYI ', 'M38 7GNS6Y', 'WFKIAL1093', 'AB8KA9MEVRN0PXF', 1, '5O3AB4AUO4', '0M9NRFBUTH', 'CF7BRMIJG2');

insert into ORGANIZADOR (PER_CEDULA, ORG_ID, PER_PRIMER_NOMBRE, PER_CORREO, PER_TIPO, PER_SEGUNDO_NOMBRE, PER_PRIMER_APELLIDO, PER_SEGUNDO_APELLIDO) values ('D8EJIIFWO ', 'UM3A8SYKC1', 'H2BKERMULT', 'Y KL1OK2INRNIUR', 2, 'KJ93WN03FF', '083I2PM1AY', 'J8G0HAX1A ');

insert into ORGANIZADOR (PER_CEDULA, ORG_ID, PER_PRIMER_NOMBRE, PER_CORREO, PER_TIPO, PER_SEGUNDO_NOMBRE, PER_PRIMER_APELLIDO, PER_SEGUNDO_APELLIDO) values ('2R6QUU8MHR', 'M1M 3J659A', 'U9QQDQ6TVD', '0NCSLQY1R822PWC', 0, 'VJHJRRKQ9G', 'NKK30HDCVL', 'EIDI7UCK41');

insert into ORGANIZADOR (PER_CEDULA, ORG_ID, PER_PRIMER_NOMBRE, PER_CORREO, PER_TIPO, PER_SEGUNDO_NOMBRE, PER_PRIMER_APELLIDO, PER_SEGUNDO_APELLIDO) values ('KIQAD19GHT', 'Y2PU5O499L', 'KXJLPUOS7P', 'C1F3HWQQFMETFC0', 0, 'F5G1GD5QYX', 'MVV8FBVJ U', 'SYI45OEYRN');

insert into ORGANIZADOR (PER_CEDULA, ORG_ID, PER_PRIMER_NOMBRE, PER_CORREO, PER_TIPO, PER_SEGUNDO_NOMBRE, PER_PRIMER_APELLIDO, PER_SEGUNDO_APELLIDO) values ('1MXHX03602', '447D1181OP', 'VEJ5DJQI8I', 'Y3KALT2TW5X6BM2', 1, 'FQB8IIP8V6', 'CAQT6ONIEQ', '7TS5XNKRLN');

insert into ORGANIZADOR (PER_CEDULA, ORG_ID, PER_PRIMER_NOMBRE, PER_CORREO, PER_TIPO, PER_SEGUNDO_NOMBRE, PER_PRIMER_APELLIDO, PER_SEGUNDO_APELLIDO) values ('QR  X2WPV8', 'CURQKTLVAY', 'LMH7TF8H7X', '4VEYVL81GI3RQLB', 2, 'JERPUCCCHW', 'DIV5 SVNV2', 'JOBLNY3T4B');

insert into ORGANIZADOR (PER_CEDULA, ORG_ID, PER_PRIMER_NOMBRE, PER_CORREO, PER_TIPO, PER_SEGUNDO_NOMBRE, PER_PRIMER_APELLIDO, PER_SEGUNDO_APELLIDO) values ('M1A59WUA3R', 'QS9DM2YNE0', 'HO SYJ4EEB', 'GO7OBSPHMR63 9C', 0, '9F2UCALGPA', 'L4MEM49DIC', 'XCU6RV1V56');

insert into ORGANIZADOR (PER_CEDULA, ORG_ID, PER_PRIMER_NOMBRE, PER_CORREO, PER_TIPO, PER_SEGUNDO_NOMBRE, PER_PRIMER_APELLIDO, PER_SEGUNDO_APELLIDO) values ('PU0ISU2319', 'J2YXHPD0WW', '74I3L FXK9', 'QL1EEFYFOWE30WE', 0, 'M8GG9HBJCD', 'XFAL41U6EA', 'CJ6KJ0T3 X');

insert into ORGANIZADOR (PER_CEDULA, ORG_ID, PER_PRIMER_NOMBRE, PER_CORREO, PER_TIPO, PER_SEGUNDO_NOMBRE, PER_PRIMER_APELLIDO, PER_SEGUNDO_APELLIDO) values ('LWNM95MIX3', 'HKO8AEM6NP', 'BS6JTG768Y', 'Q7JH099L3QLGIE4', 1, 'DXV38T B0P', 'GYX60VSGLB', 'XN R2F6DVH');

insert into ORGANIZADOR (PER_CEDULA, ORG_ID, PER_PRIMER_NOMBRE, PER_CORREO, PER_TIPO, PER_SEGUNDO_NOMBRE, PER_PRIMER_APELLIDO, PER_SEGUNDO_APELLIDO) values ('I9PAX2Q6TB', 'C0SN9V63VM', '54KFYT7TM7', 'QGR8FPXSDNLP1JY', 2, '7IGR7TPM9K', 'Q3R2GTTE7O', 'QA0T88ACYW');

insert into ORGANIZADOR (PER_CEDULA, ORG_ID, PER_PRIMER_NOMBRE, PER_CORREO, PER_TIPO, PER_SEGUNDO_NOMBRE, PER_PRIMER_APELLIDO, PER_SEGUNDO_APELLIDO) values (' 3YKF8VC4E', '3Y3K6VRAJ4', '1JMN4Y9XPX', '5YPU70UCOAO2 XD', 0, 'U7QBHW1B67', '3LS0JM6FC3', 'YTLSTSOVG5');

insert into ORGANIZADOR (PER_CEDULA, ORG_ID, PER_PRIMER_NOMBRE, PER_CORREO, PER_TIPO, PER_SEGUNDO_NOMBRE, PER_PRIMER_APELLIDO, PER_SEGUNDO_APELLIDO) values ('Y7YIYF9JU5', 'CQ9CLPUK27', '4YL9ERA2AB', 'DMG4PJKJ7QJJBX2', 0, 'FMX7M92G2D', '82FCAKSU2T', 'V8S5XRW4OI');

insert into ORGANIZADOR (PER_CEDULA, ORG_ID, PER_PRIMER_NOMBRE, PER_CORREO, PER_TIPO, PER_SEGUNDO_NOMBRE, PER_PRIMER_APELLIDO, PER_SEGUNDO_APELLIDO) values ('VN3OW0A4R2', 'S81I7QC4CH', 'G36GLFRLR ', 'DTNSDF 3HFDI5CF', 1, 'PDQECTVDC2', 'TCOJHQMD6R', 'X7RMSSMMGX');

insert into ORGANIZADOR (PER_CEDULA, ORG_ID, PER_PRIMER_NOMBRE, PER_CORREO, PER_TIPO, PER_SEGUNDO_NOMBRE, PER_PRIMER_APELLIDO, PER_SEGUNDO_APELLIDO) values ('1CKLF859H2', 'RPQMGBFW62', 'C9M49KLAIK', 'VH4RQQVB5M6L1LJ', 2, 'KJ8TVX4MEJ', ' AXA4BNKRB', 'TILHIAL7PA');

insert into ORGANIZADOR (PER_CEDULA, ORG_ID, PER_PRIMER_NOMBRE, PER_CORREO, PER_TIPO, PER_SEGUNDO_NOMBRE, PER_PRIMER_APELLIDO, PER_SEGUNDO_APELLIDO) values ('0USKY3I94Y', 'EPKDN2A8WA', 'KBO9P3TI R', 'G2DYQ2MXKOPHBBC', 0, 'BRPVQKF5QA', '1E2WQYN666', 'O9J5TPIWT0');

insert into ORGANIZADOR (PER_CEDULA, ORG_ID, PER_PRIMER_NOMBRE, PER_CORREO, PER_TIPO, PER_SEGUNDO_NOMBRE, PER_PRIMER_APELLIDO, PER_SEGUNDO_APELLIDO) values ('68L8Y4QASS', '79BL 48W0A', 'TRSXXOVWB1', 'QMVI22OKG1AV11A', 0, '47BJRLK0HL', 'BH0HS8TB7B', 'R GDNW4 H9');

insert into ORGANIZADOR (PER_CEDULA, ORG_ID, PER_PRIMER_NOMBRE, PER_CORREO, PER_TIPO, PER_SEGUNDO_NOMBRE, PER_PRIMER_APELLIDO, PER_SEGUNDO_APELLIDO) values ('OR SV125M2', 'FEDH755U43', '771BY3DPV1', '851O92WOKFYPY08', 1, 'VVYSHHEJUO', 'V2LMGRCSF4', 'HDGDE731ST');

insert into ORGANIZADOR (PER_CEDULA, ORG_ID, PER_PRIMER_NOMBRE, PER_CORREO, PER_TIPO, PER_SEGUNDO_NOMBRE, PER_PRIMER_APELLIDO, PER_SEGUNDO_APELLIDO) values ('VOMIE2OLPY', 'GXT3FRMNLM', '9TV UMVGEH', '75X ATOMDJN80BY', 2, 'WOLB5MH99M', 'F2PPC188A0', 'PJKH7QVA5V');

insert into ORGANIZADOR (PER_CEDULA, ORG_ID, PER_PRIMER_NOMBRE, PER_CORREO, PER_TIPO, PER_SEGUNDO_NOMBRE, PER_PRIMER_APELLIDO, PER_SEGUNDO_APELLIDO) values ('5W5GUIVGT8', 'Q9 RRHJD64', 'S4AWUUATRB', 'SHT961JN2TDEC4J', 0, '71D79I9R56', 'FE817J7BO7', 'S0HHQR5KBU');

insert into ORGANIZADOR (PER_CEDULA, ORG_ID, PER_PRIMER_NOMBRE, PER_CORREO, PER_TIPO, PER_SEGUNDO_NOMBRE, PER_PRIMER_APELLIDO, PER_SEGUNDO_APELLIDO) values ('TXKA7OKB4O', '1SLS9DL906', '73VARF47MY', 'E8KVBJD2668AVPL', 0, '8BHV P71D1', 'GTTIC D0R9', 'S416FJFH94');

insert into ORGANIZADOR (PER_CEDULA, ORG_ID, PER_PRIMER_NOMBRE, PER_CORREO, PER_TIPO, PER_SEGUNDO_NOMBRE, PER_PRIMER_APELLIDO, PER_SEGUNDO_APELLIDO) values ('IOBBHGND3T', 'CXKSOM6 PH', '3GG13CEPB6', 'Y41GH7J0 PN9LD9', 1, 'J47BDJD YJ', '4AN6 NR142', '55Q4BB  U0');

insert into ORGANIZADOR (PER_CEDULA, ORG_ID, PER_PRIMER_NOMBRE, PER_CORREO, PER_TIPO, PER_SEGUNDO_NOMBRE, PER_PRIMER_APELLIDO, PER_SEGUNDO_APELLIDO) values (' L96GMIXAA', 'EC6Y3N4MRU', '65 5V0LNKV', '6TRHHXRP6X0KIQA', 2, 'Y5 FRF7FVB', '63G LMHG30', 'TF1KOSX4EN');

insert into ORGANIZADOR (PER_CEDULA, ORG_ID, PER_PRIMER_NOMBRE, PER_CORREO, PER_TIPO, PER_SEGUNDO_NOMBRE, PER_PRIMER_APELLIDO, PER_SEGUNDO_APELLIDO) values ('DWH46 LPGO', 'JE5RR2MKF6', 'OT6W1PNE4I', 'TFLFPFSW3WY46EV', 0, '3B717SU046', 'CC 21GAAPC', '7 0PT1FCW9');

insert into ORGANIZADOR (PER_CEDULA, ORG_ID, PER_PRIMER_NOMBRE, PER_CORREO, PER_TIPO, PER_SEGUNDO_NOMBRE, PER_PRIMER_APELLIDO, PER_SEGUNDO_APELLIDO) values ('S4VTLYIVSM', 'U LB0N3Y9X', 'DJXI59XVE0', 'VBTN28LG5S71OVS', 0, 'RM4W7PVWEB', 'BWX4FR71M5', 'SF6RYRMU G');

insert into ORGANIZADOR (PER_CEDULA, ORG_ID, PER_PRIMER_NOMBRE, PER_CORREO, PER_TIPO, PER_SEGUNDO_NOMBRE, PER_PRIMER_APELLIDO, PER_SEGUNDO_APELLIDO) values ('4MVXSN9C2U', 'RTSNC RUJD', 'XOJOTJM42O', '8WDRUGUQY OCFYD', 1, 'G9NI1J9X4E', 'GMO2MKY8JA', '1EY6R60BOQ');

insert into ORGANIZADOR (PER_CEDULA, ORG_ID, PER_PRIMER_NOMBRE, PER_CORREO, PER_TIPO, PER_SEGUNDO_NOMBRE, PER_PRIMER_APELLIDO, PER_SEGUNDO_APELLIDO) values ('U S GLQ3 D', 'XA58PFFM2E', 'WFQMW13OXW', '4Q12TXFYCXKV0LY', 2, 'B07INL6HN9', '99MWYA8N9M', 'YGJ80BH87O');

insert into HISTORIAL_DE_ORGANIZADORES (PER_CEDULA, ORG_ID, EVE_ID, FECHA_INICIO, FECHA_FIN) values ('ANE8ALU21N', 'VEN4AXEGTR', 'JGW0E', '1206-10-13 7:25:34', '51-4-29 0:18:34');

insert into HISTORIAL_DE_ORGANIZADORES (PER_CEDULA, ORG_ID, EVE_ID, FECHA_INICIO, FECHA_FIN) values ('S232S9WPRK', 'KHD4FHPGF7', 'VF99R', '641-3-20 3:43:30', '31-9-15 0:8:37');

insert into HISTORIAL_DE_ORGANIZADORES (PER_CEDULA, ORG_ID, EVE_ID, FECHA_INICIO, FECHA_FIN) values ('PRFU46L90A', 'FQCM7VB4J4', '84G5O', '148-5-6 0:47:5', '235-2-28 1:2:50');

insert into HISTORIAL_DE_ORGANIZADORES (PER_CEDULA, ORG_ID, EVE_ID, FECHA_INICIO, FECHA_FIN) values ('G5A3VWWQWE', 'EUKK8TL2LF', '9ANPG', '1-1-1 0:0:0', '1517-7-4 7:38:8');

insert into HISTORIAL_DE_ORGANIZADORES (PER_CEDULA, ORG_ID, EVE_ID, FECHA_INICIO, FECHA_FIN) values ('69OGM6T1BS', 'P4S 9ONJ9O', 'F 5L ', '712-2-29 4:14:38', '1553-9-16 7:46:15');

insert into HISTORIAL_DE_ORGANIZADORES (PER_CEDULA, ORG_ID, EVE_ID, FECHA_INICIO, FECHA_FIN) values ('EIUI2L0YVK', '3RE 9E2A5R', '3N96S', '1096-6-14 6:33:36', '541-12-9 2:16:9');

insert into HISTORIAL_DE_ORGANIZADORES (PER_CEDULA, ORG_ID, EVE_ID, FECHA_INICIO, FECHA_FIN) values ('5F6U1S1F0U', '4SNTUS68FG', 'MGK3D', '468-7-23 2:48:15', '1735-3-31 8:53:1');

insert into HISTORIAL_DE_ORGANIZADORES (PER_CEDULA, ORG_ID, EVE_ID, FECHA_INICIO, FECHA_FIN) values ('3HBHHAP2KE', '6VSO4 7YRF', 'MU3C7', '551-9-29 3:15:21', '471-6-20 1:52:39');

insert into HISTORIAL_DE_ORGANIZADORES (PER_CEDULA, ORG_ID, EVE_ID, FECHA_INICIO, FECHA_FIN) values ('FW65JKTFAR', 'CAJG8 2F38', 'F61G4', '901-1-5 5:16:15', '1658-4-2 8:27:4');

insert into HISTORIAL_DE_ORGANIZADORES (PER_CEDULA, ORG_ID, EVE_ID, FECHA_INICIO, FECHA_FIN) values ('JFE143G7VS', 'GYWV41TXW5', 'Y3IBC', '93-10-11 0:34:37', '347-4-19 1:26:53');

insert into HISTORIAL_DE_ORGANIZADORES (PER_CEDULA, ORG_ID, EVE_ID, FECHA_INICIO, FECHA_FIN) values ('C6MI69288U', '037OYFSHB0', '4RO8 ', '1364-5-20 8:43:40', '1-1-1 0:0:0');

insert into HISTORIAL_DE_ORGANIZADORES (PER_CEDULA, ORG_ID, EVE_ID, FECHA_INICIO, FECHA_FIN) values ('XKJJLD01SE', 'DEGORAUIQU', '7C4HL', '50-7-10 0:19:43', '1122-8-16 5:43:1');

insert into HISTORIAL_DE_ORGANIZADORES (PER_CEDULA, ORG_ID, EVE_ID, FECHA_INICIO, FECHA_FIN) values ('6HCVP7R7D7', 'TKK  Y9SD8', '3FSK7', '1491-5-28 9:21:30', '700-5-22 3:7:41');

insert into HISTORIAL_DE_ORGANIZADORES (PER_CEDULA, ORG_ID, EVE_ID, FECHA_INICIO, FECHA_FIN) values ('BOVATA0UX3', 'SQH0PHHMS1', 'HXBR3', '1407-2-18 8:56:20', '186-5-13 0:47:12');

insert into HISTORIAL_DE_ORGANIZADORES (PER_CEDULA, ORG_ID, EVE_ID, FECHA_INICIO, FECHA_FIN) values ('SB5VMHHWOU', 'FF199D7HS1', 'P0H3 ', '1620-1-13 9:54:58', '990-5-4 4:51:10');

insert into HISTORIAL_DE_ORGANIZADORES (PER_CEDULA, ORG_ID, EVE_ID, FECHA_INICIO, FECHA_FIN) values ('Y7HN638SOW', 'VNYOEIR U3', ' 73DQ', '1732-8-5 10:35:43', '887-2-26 4:14:11');

insert into HISTORIAL_DE_ORGANIZADORES (PER_CEDULA, ORG_ID, EVE_ID, FECHA_INICIO, FECHA_FIN) values ('EU3N5LS8QX', 'CSCSHVS66N', 'JEYXT', '1126-2-13 6:50:50', '654-3-8 2:48:18');

insert into HISTORIAL_DE_ORGANIZADORES (PER_CEDULA, ORG_ID, EVE_ID, FECHA_INICIO, FECHA_FIN) values ('FG022FCLLO', 'WR9K2LQLFO', 'KXJXF', '617-3-26 3:35:41', '1094-7-2 5:25:31');

insert into HISTORIAL_DE_ORGANIZADORES (PER_CEDULA, ORG_ID, EVE_ID, FECHA_INICIO, FECHA_FIN) values ('E4BCETMAW6', 'VNDGKYMASY', '8WJF3', '1159-2-6 7:6:42', '837-8-16 3:56:12');

insert into HISTORIAL_DE_ORGANIZADORES (PER_CEDULA, ORG_ID, EVE_ID, FECHA_INICIO, FECHA_FIN) values ('VTDKCE12RM', '8C1KHCPC0O', 'DG576', '943-5-29 5:34:6', '748-9-21 3:20:6');

insert into HISTORIAL_DE_ORGANIZADORES (PER_CEDULA, ORG_ID, EVE_ID, FECHA_INICIO, FECHA_FIN) values ('HSWN0305DL', 'UVH ASUR05', 'Q53AA', '169-10-20 0:56:15', '788-10-29 3:37:35');

insert into HISTORIAL_DE_ORGANIZADORES (PER_CEDULA, ORG_ID, EVE_ID, FECHA_INICIO, FECHA_FIN) values ('VJIPHC7OIL', 'WU5ORXK0FA', '6EFSA', '393-5-25 2:15:25', '612-8-27 2:34:19');

insert into HISTORIAL_DE_ORGANIZADORES (PER_CEDULA, ORG_ID, EVE_ID, FECHA_INICIO, FECHA_FIN) values ('MY70WT6W8I', 'C5A3PGA5I6', '4VE3U', '993-4-8 5:44:59', '1232-9-6 6:31:48');

insert into HISTORIAL_DE_ORGANIZADORES (PER_CEDULA, ORG_ID, EVE_ID, FECHA_INICIO, FECHA_FIN) values ('PSEAD MPWE', 'MPCP 0FXB5', 'L8YG2', '1768-11-30 10:43:35', '381-11-11 1:36:18');

insert into HISTORIAL_DE_ORGANIZADORES (PER_CEDULA, ORG_ID, EVE_ID, FECHA_INICIO, FECHA_FIN) values ('ERVTM8KYI ', 'M38 7GNS6Y', '8APJ8', '1570-11-10 9:46:50', '292-5-20 1:13:55');

insert into HISTORIAL_DE_ORGANIZADORES (PER_CEDULA, ORG_ID, EVE_ID, FECHA_INICIO, FECHA_FIN) values ('D8EJIIFWO ', 'UM3A8SYKC1', 'MNOAD', '510-2-24 3:2:41', '1326-2-17 6:50:35');

insert into HISTORIAL_DE_ORGANIZADORES (PER_CEDULA, ORG_ID, EVE_ID, FECHA_INICIO, FECHA_FIN) values ('2R6QUU8MHR', 'M1M 3J659A', 'R 697', '280-3-29 1:44:47', '500-8-24 2:4:35');

insert into HISTORIAL_DE_ORGANIZADORES (PER_CEDULA, ORG_ID, EVE_ID, FECHA_INICIO, FECHA_FIN) values ('KIQAD19GHT', 'Y2PU5O499L', '1WNKH', '334-7-3 2:1:14', '928-3-15 4:23:28');

insert into HISTORIAL_DE_ORGANIZADORES (PER_CEDULA, ORG_ID, EVE_ID, FECHA_INICIO, FECHA_FIN) values ('1MXHX03602', '447D1181OP', 'PBOF7', '676-1-24 3:59:59', '106-4-21 0:30:37');

insert into HISTORIAL_DE_ORGANIZADORES (PER_CEDULA, ORG_ID, EVE_ID, FECHA_INICIO, FECHA_FIN) values ('QR  X2WPV8', 'CURQKTLVAY', 'EPR5U', '1340-4-21 8:24:40', '1023-9-20 5:0:30');

insert into HISTORIAL_DE_ORGANIZADORES (PER_CEDULA, ORG_ID, EVE_ID, FECHA_INICIO, FECHA_FIN) values ('M1A59WUA3R', 'QS9DM2YNE0', '9FGAO', '1432-4-4 9:7:22', '587-1-13 2:27:29');

insert into HISTORIAL_DE_ORGANIZADORES (PER_CEDULA, ORG_ID, EVE_ID, FECHA_INICIO, FECHA_FIN) values ('PU0ISU2319', 'J2YXHPD0WW', '8M10H', '1288-1-4 7:48:57', '1866-5-12 9:27:22');

insert into HISTORIAL_DE_ORGANIZADORES (PER_CEDULA, ORG_ID, EVE_ID, FECHA_INICIO, FECHA_FIN) values ('LWNM95MIX3', 'HKO8AEM6NP', 'FBGIF', '199-8-20 1:5:17', '142-10-6 0:38:41');

insert into HISTORIAL_DE_ORGANIZADORES (PER_CEDULA, ORG_ID, EVE_ID, FECHA_INICIO, FECHA_FIN) values ('I9PAX2Q6TB', 'C0SN9V63VM', '78LA0', '1307-8-16 8:5:46', '1376-4-12 6:58:35');

insert into HISTORIAL_DE_ORGANIZADORES (PER_CEDULA, ORG_ID, EVE_ID, FECHA_INICIO, FECHA_FIN) values (' 3YKF8VC4E', '3Y3K6VRAJ4', 'DQ5OF', '1790-8-1 10:58:54', '1973-8-1 10:5:42');

insert into HISTORIAL_DE_ORGANIZADORES (PER_CEDULA, ORG_ID, EVE_ID, FECHA_INICIO, FECHA_FIN) values ('Y7YIYF9JU5', 'CQ9CLPUK27', 'LF3VI', '1064-2-29 6:17:40', '1578-4-27 8:2:14');

insert into HISTORIAL_DE_ORGANIZADORES (PER_CEDULA, ORG_ID, EVE_ID, FECHA_INICIO, FECHA_FIN) values ('VN3OW0A4R2', 'S81I7QC4CH', 'LQYLH', '1684-7-23 10:26:49', '1175-12-16 6:13:27');

insert into HISTORIAL_DE_ORGANIZADORES (PER_CEDULA, ORG_ID, EVE_ID, FECHA_INICIO, FECHA_FIN) values ('1CKLF859H2', 'RPQMGBFW62', 'WFD B', '1835-9-16 11:10:15', '957-12-12 4:36:46');

insert into HISTORIAL_DE_ORGANIZADORES (PER_CEDULA, ORG_ID, EVE_ID, FECHA_INICIO, FECHA_FIN) values ('0USKY3I94Y', 'EPKDN2A8WA', '27MHV', '1259-2-3 7:41:27', '1785-3-4 9:2:48');

insert into HISTORIAL_DE_ORGANIZADORES (PER_CEDULA, ORG_ID, EVE_ID, FECHA_INICIO, FECHA_FIN) values ('68L8Y4QASS', '79BL 48W0A', 'AMFPL', '1518-11-30 9:34:58', '1043-7-8 5:18:58');

insert into HISTORIAL_DE_ORGANIZADORES (PER_CEDULA, ORG_ID, EVE_ID, FECHA_INICIO, FECHA_FIN) values ('OR SV125M2', 'FEDH755U43', '9GJXB', '738-3-28 4:23:53', '1636-7-13 8:20:14');

insert into HISTORIAL_DE_ORGANIZADORES (PER_CEDULA, ORG_ID, EVE_ID, FECHA_INICIO, FECHA_FIN) values ('VOMIE2OLPY', 'GXT3FRMNLM', 'LHE0E', '577-3-28 3:26:57', '1809-5-11 9:19:23');

insert into HISTORIAL_DE_ORGANIZADORES (PER_CEDULA, ORG_ID, EVE_ID, FECHA_INICIO, FECHA_FIN) values ('5W5GUIVGT8', 'Q9 RRHJD64', '18FEE', '1036-9-3 6:0:40', '1458-3-10 7:26:1');

insert into HISTORIAL_DE_ORGANIZADORES (PER_CEDULA, ORG_ID, EVE_ID, FECHA_INICIO, FECHA_FIN) values ('TXKA7OKB4O', '1SLS9DL906', 'L9MH1', '811-1-17 4:50:5', '1938-2-1 9:56:14');

insert into HISTORIAL_DE_ORGANIZADORES (PER_CEDULA, ORG_ID, EVE_ID, FECHA_INICIO, FECHA_FIN) values ('IOBBHGND3T', 'CXKSOM6 PH', '77BXE', '1646-12-25 10:9:42', '1146-3-22 6:2:52');

insert into HISTORIAL_DE_ORGANIZADORES (PER_CEDULA, ORG_ID, EVE_ID, FECHA_INICIO, FECHA_FIN) values (' L96GMIXAA', 'EC6Y3N4MRU', 'VDG7O', '771-11-3 4:35:57', '1712-4-9 8:38:12');

insert into HISTORIAL_DE_ORGANIZADORES (PER_CEDULA, ORG_ID, EVE_ID, FECHA_INICIO, FECHA_FIN) values ('DWH46 LPGO', 'JE5RR2MKF6', 'TJ1BU', '437-5-29 2:30:32', '1408-2-28 7:6:45');

insert into HISTORIAL_DE_ORGANIZADORES (PER_CEDULA, ORG_ID, EVE_ID, FECHA_INICIO, FECHA_FIN) values ('S4VTLYIVSM', 'U LB0N3Y9X', '81FWP', '843-2-27 5:0:38', '424-12-21 1:45:2');

insert into HISTORIAL_DE_ORGANIZADORES (PER_CEDULA, ORG_ID, EVE_ID, FECHA_INICIO, FECHA_FIN) values ('4MVXSN9C2U', 'RTSNC RUJD', 'D2939', '257-7-6 1:36:56', '1913-3-30 9:46:17');

insert into HISTORIAL_DE_ORGANIZADORES (PER_CEDULA, ORG_ID, EVE_ID, FECHA_INICIO, FECHA_FIN) values ('U S GLQ3 D', 'XA58PFFM2E', 'A6BTI', '227-12-12 1:20:19', '1273-8-2 6:42:59');

insert into ASISTENTE (PER_CEDULA, ORG_ID2, PER_PRIMER_NOMBRE, PER_CORREO, PER_TIPO, PER_SEGUNDO_NOMBRE, PER_PRIMER_APELLIDO, PER_SEGUNDO_APELLIDO) values ('ANE8ALU21N', '802KRL89T1', 'DM705AOEON', 'KUYS2V7KLSGLMVH', 0, '3O34M54B6D', '862DHGC5OY', 'DC 795PM0P');

insert into ASISTENTE (PER_CEDULA, ORG_ID2, PER_PRIMER_NOMBRE, PER_CORREO, PER_TIPO, PER_SEGUNDO_NOMBRE, PER_PRIMER_APELLIDO, PER_SEGUNDO_APELLIDO) values ('S232S9WPRK', '8Q3XMSLT0J', 'ATCNGNP9MW', '6U66DU8U3DQXKX5', 1, '0BC6A2G1LL', 'G26C3GT981', 'YTT9KKKCBT');

insert into ASISTENTE (PER_CEDULA, ORG_ID2, PER_PRIMER_NOMBRE, PER_CORREO, PER_TIPO, PER_SEGUNDO_NOMBRE, PER_PRIMER_APELLIDO, PER_SEGUNDO_APELLIDO) values ('PRFU46L90A', 'AH4LT2M XG', 'IV7TB6 L2S', 'MQP9IC0RUPOREQW', 2, 'LBVQ74P05O', '9D1NLHAFRR', 'P3N 2VB3EL');

insert into ASISTENTE (PER_CEDULA, ORG_ID2, PER_PRIMER_NOMBRE, PER_CORREO, PER_TIPO, PER_SEGUNDO_NOMBRE, PER_PRIMER_APELLIDO, PER_SEGUNDO_APELLIDO) values ('G5A3VWWQWE', 'WKM96E4J3S', 'H6U89JWE G', 'YXY2FXDRGHWI CE', 0, 'K7NR7DSRXG', 'BKJSFTH9AW', 'PN5CV018TT');

insert into ASISTENTE (PER_CEDULA, ORG_ID2, PER_PRIMER_NOMBRE, PER_CORREO, PER_TIPO, PER_SEGUNDO_NOMBRE, PER_PRIMER_APELLIDO, PER_SEGUNDO_APELLIDO) values ('69OGM6T1BS', 'IFBYGUFTV3', 'Q3 4799S 9', '9BHNY12 LJWI77G', 0, '635EYTMEYW', 'CX74QY7130', 'I0RQRLWD15');

insert into ASISTENTE (PER_CEDULA, ORG_ID2, PER_PRIMER_NOMBRE, PER_CORREO, PER_TIPO, PER_SEGUNDO_NOMBRE, PER_PRIMER_APELLIDO, PER_SEGUNDO_APELLIDO) values ('EIUI2L0YVK', 'R32PXUOMD5', '28RF2R3X6F', 'JMXAATWH26QUE0G', 1, '0O3RIXE4EK', ' W7UM2KFKA', 'XK48OQFQO8');

insert into ASISTENTE (PER_CEDULA, ORG_ID2, PER_PRIMER_NOMBRE, PER_CORREO, PER_TIPO, PER_SEGUNDO_NOMBRE, PER_PRIMER_APELLIDO, PER_SEGUNDO_APELLIDO) values ('5F6U1S1F0U', 'JM7X66P4IB', 'JX8W4D210 ', 'MI6S64V3NUE0TDR', 2, 'OFJAAIFLEP', 'KCJE0NUOEE', ' IV0XGVH51');

insert into ASISTENTE (PER_CEDULA, ORG_ID2, PER_PRIMER_NOMBRE, PER_CORREO, PER_TIPO, PER_SEGUNDO_NOMBRE, PER_PRIMER_APELLIDO, PER_SEGUNDO_APELLIDO) values ('3HBHHAP2KE', 'WJE05326IU', 'L1NUI0TNG5', 'Y LEUSVDHSN8 I7', 0, 'PFAY 8QNQP', '3QK4UNOAQO', 'K2U9CAPYO7');

insert into ASISTENTE (PER_CEDULA, ORG_ID2, PER_PRIMER_NOMBRE, PER_CORREO, PER_TIPO, PER_SEGUNDO_NOMBRE, PER_PRIMER_APELLIDO, PER_SEGUNDO_APELLIDO) values ('FW65JKTFAR', '3 Y6TPHRO2', '52J8934O1O', 'WW 8UVFQECDHQU6', 0, 'KYSFEBGXEY', 'BYIERHCLCB', 'EM9SXH5OSK');

insert into ASISTENTE (PER_CEDULA, ORG_ID2, PER_PRIMER_NOMBRE, PER_CORREO, PER_TIPO, PER_SEGUNDO_NOMBRE, PER_PRIMER_APELLIDO, PER_SEGUNDO_APELLIDO) values ('JFE143G7VS', 'WTQIHKVS2T', '6XAP49X9MG', 'I8FBPK4NHX MJHL', 1, 'DWG5LK3870', 'I9GBSEVE2Q', 'TY9L4QUSE4');

insert into ASISTENTE (PER_CEDULA, ORG_ID2, PER_PRIMER_NOMBRE, PER_CORREO, PER_TIPO, PER_SEGUNDO_NOMBRE, PER_PRIMER_APELLIDO, PER_SEGUNDO_APELLIDO) values ('C6MI69288U', 'FL4EO7BKX5', 'DEAVQ3F4ID', 'K XNRMD2HMLTN9 ', 2, 'YKRK5PSYA4', 'DMB5LTPAUA', '58PL6UMQL5');

insert into ASISTENTE (PER_CEDULA, ORG_ID2, PER_PRIMER_NOMBRE, PER_CORREO, PER_TIPO, PER_SEGUNDO_NOMBRE, PER_PRIMER_APELLIDO, PER_SEGUNDO_APELLIDO) values ('XKJJLD01SE', 'EWLSKHCQ4N', 'MEQI2R6HBL', 'L5JXSXAE9RKWMXJ', 0, '0WHF07BNVP', 'A0Y55Q9KCN', 'FJIJ7US9NP');

insert into ASISTENTE (PER_CEDULA, ORG_ID2, PER_PRIMER_NOMBRE, PER_CORREO, PER_TIPO, PER_SEGUNDO_NOMBRE, PER_PRIMER_APELLIDO, PER_SEGUNDO_APELLIDO) values ('6HCVP7R7D7', 'VVHYUDQBCK', 'EMBQ4CMBPK', '4RLPQ761RIN7K50', 0, 'A41XFFKO4F', 'KFFEX7L979', 'F71PMA 0IX');

insert into ASISTENTE (PER_CEDULA, ORG_ID2, PER_PRIMER_NOMBRE, PER_CORREO, PER_TIPO, PER_SEGUNDO_NOMBRE, PER_PRIMER_APELLIDO, PER_SEGUNDO_APELLIDO) values ('BOVATA0UX3', 'T4XC1KIH0H', 'HCKR5EVGGB', 'ITGAGULOX0NEO4C', 1, 'BMHP8BJGXE', 'DKF4PI9BXB', 'BT7J5YLQMQ');

insert into ASISTENTE (PER_CEDULA, ORG_ID2, PER_PRIMER_NOMBRE, PER_CORREO, PER_TIPO, PER_SEGUNDO_NOMBRE, PER_PRIMER_APELLIDO, PER_SEGUNDO_APELLIDO) values ('SB5VMHHWOU', 'NG727FOXEA', '2RFAN K6F7', 'GXC68 KWJYU9P7J', 2, 'LENJIHHN7F', 'BQ0OJX04TP', 'JG7TY96SDY');

insert into ASISTENTE (PER_CEDULA, ORG_ID2, PER_PRIMER_NOMBRE, PER_CORREO, PER_TIPO, PER_SEGUNDO_NOMBRE, PER_PRIMER_APELLIDO, PER_SEGUNDO_APELLIDO) values ('Y7HN638SOW', '9UN YJ8477', 'YJ0A2CEDNK', '9RSFY992GQLKNOM', 0, '669V9KX2FA', '10EQSMN2TB', '0992GYPGIK');

insert into ASISTENTE (PER_CEDULA, ORG_ID2, PER_PRIMER_NOMBRE, PER_CORREO, PER_TIPO, PER_SEGUNDO_NOMBRE, PER_PRIMER_APELLIDO, PER_SEGUNDO_APELLIDO) values ('EU3N5LS8QX', 'GSP2M3686F', '3C3P0JJOA2', 'QKEFD6IOGVLSF03', 0, 'GTU1KOG0 Y', 'G3G1I5050Y', '26BBYH8THY');

insert into ASISTENTE (PER_CEDULA, ORG_ID2, PER_PRIMER_NOMBRE, PER_CORREO, PER_TIPO, PER_SEGUNDO_NOMBRE, PER_PRIMER_APELLIDO, PER_SEGUNDO_APELLIDO) values ('FG022FCLLO', 'Q0M9JMHRIV', '9J6RIKDEE9', 'PLT3BTBKMNWL62H', 1, 'I2O4JHOAYF', 'OIDYA9C15Q', 'AOD22EVWG4');

insert into ASISTENTE (PER_CEDULA, ORG_ID2, PER_PRIMER_NOMBRE, PER_CORREO, PER_TIPO, PER_SEGUNDO_NOMBRE, PER_PRIMER_APELLIDO, PER_SEGUNDO_APELLIDO) values ('E4BCETMAW6', 'KVB JHDVVJ', 'H B1N8NR P', '0643IC4IQXNA4D5', 2, '1 WAEQ4JCV', '8YYMCYI28X', 'IT44AEJHCU');

insert into ASISTENTE (PER_CEDULA, ORG_ID2, PER_PRIMER_NOMBRE, PER_CORREO, PER_TIPO, PER_SEGUNDO_NOMBRE, PER_PRIMER_APELLIDO, PER_SEGUNDO_APELLIDO) values ('VTDKCE12RM', 'W2MN08R6YS', ' AXU4HP08K', 'N WMGQWWGVAEKRJ', 0, 'OM0QQOEUA6', '0RYWGCMY91', 'N0YKLSA96F');

insert into ASISTENTE (PER_CEDULA, ORG_ID2, PER_PRIMER_NOMBRE, PER_CORREO, PER_TIPO, PER_SEGUNDO_NOMBRE, PER_PRIMER_APELLIDO, PER_SEGUNDO_APELLIDO) values ('HSWN0305DL', '9CS3 DXMNV', 'OS9U0BQ7QI', 'IVNJKXP96F0KQEE', 0, '26J56MWIKJ', '3QAUBC UAF', 'Y UT7 M1E9');

insert into ASISTENTE (PER_CEDULA, ORG_ID2, PER_PRIMER_NOMBRE, PER_CORREO, PER_TIPO, PER_SEGUNDO_NOMBRE, PER_PRIMER_APELLIDO, PER_SEGUNDO_APELLIDO) values ('VJIPHC7OIL', '72RBC 8JR7', 'BUX5U0E3C5', 'F4M WIO0AAI9MNF', 1, 'SLGICPSTFU', 'F69OAJCIW ', 'B20BKXBFSX');

insert into ASISTENTE (PER_CEDULA, ORG_ID2, PER_PRIMER_NOMBRE, PER_CORREO, PER_TIPO, PER_SEGUNDO_NOMBRE, PER_PRIMER_APELLIDO, PER_SEGUNDO_APELLIDO) values ('MY70WT6W8I', 'A497G55GPB', 'P9D93 BLY8', '1E10WLR42KFICW6', 2, 'JR91V8WNGD', ' CR ONG2J3', '30MGI1EOPC');

insert into ASISTENTE (PER_CEDULA, ORG_ID2, PER_PRIMER_NOMBRE, PER_CORREO, PER_TIPO, PER_SEGUNDO_NOMBRE, PER_PRIMER_APELLIDO, PER_SEGUNDO_APELLIDO) values ('PSEAD MPWE', 'DJS9JARXC9', 'PHUIXSQIPL', 'DKUKADDCWYYLXKE', 0, 'C1PHC3NBPT', 'MP4DBGUHXT', 'IXIH3PUFBF');

insert into ASISTENTE (PER_CEDULA, ORG_ID2, PER_PRIMER_NOMBRE, PER_CORREO, PER_TIPO, PER_SEGUNDO_NOMBRE, PER_PRIMER_APELLIDO, PER_SEGUNDO_APELLIDO) values ('ERVTM8KYI ', 'BOA2X32Q4X', 'FRJA2TGLQD', 'Q77Q317O0031YPV', 0, 'BFKRC4FO V', 'RJG51G1C0P', ' KX 1133S2');

insert into ASISTENTE (PER_CEDULA, ORG_ID2, PER_PRIMER_NOMBRE, PER_CORREO, PER_TIPO, PER_SEGUNDO_NOMBRE, PER_PRIMER_APELLIDO, PER_SEGUNDO_APELLIDO) values ('D8EJIIFWO ', 'WB3J33K S9', '3T5BL8XCV6', 'KP76T6W3AEX38VM', 1, 'RO5Q0X4M06', 'X9W936AJJQ', 'IPN2BJND2 ');

insert into ASISTENTE (PER_CEDULA, ORG_ID2, PER_PRIMER_NOMBRE, PER_CORREO, PER_TIPO, PER_SEGUNDO_NOMBRE, PER_PRIMER_APELLIDO, PER_SEGUNDO_APELLIDO) values ('2R6QUU8MHR', 'LG78T187AV', '6Q6F555WE5', '33J0G2DXGDA7KQY', 2, 'MHDVUQSYYV', 'HYH4SHT060', 'XYR2KJEUSL');

insert into ASISTENTE (PER_CEDULA, ORG_ID2, PER_PRIMER_NOMBRE, PER_CORREO, PER_TIPO, PER_SEGUNDO_NOMBRE, PER_PRIMER_APELLIDO, PER_SEGUNDO_APELLIDO) values ('KIQAD19GHT', '3N49BXKOXU', 'FI5GFK283G', 'I06V9HH55OUDC2P', 0, 'KB0N0NPD0E', '4ULE8HRPB5', '2PYM74UHAO');

insert into ASISTENTE (PER_CEDULA, ORG_ID2, PER_PRIMER_NOMBRE, PER_CORREO, PER_TIPO, PER_SEGUNDO_NOMBRE, PER_PRIMER_APELLIDO, PER_SEGUNDO_APELLIDO) values ('1MXHX03602', 'JJ2FG TLLG', 'VPXYK3OOAN', 'P0 H BXF2 J1CI1', 0, 'VVBE1S4T72', 'FIFI7A 09D', 'D9AQGG2XYM');

insert into ASISTENTE (PER_CEDULA, ORG_ID2, PER_PRIMER_NOMBRE, PER_CORREO, PER_TIPO, PER_SEGUNDO_NOMBRE, PER_PRIMER_APELLIDO, PER_SEGUNDO_APELLIDO) values ('QR  X2WPV8', 'L16HK3OO5M', 'VH9GHQ96RR', '3XN 7FOKPS2SB9W', 1, '7FRF7DAF9 ', 'P5QFAGR0L1', 'SLAKH4KVFI');

insert into ASISTENTE (PER_CEDULA, ORG_ID2, PER_PRIMER_NOMBRE, PER_CORREO, PER_TIPO, PER_SEGUNDO_NOMBRE, PER_PRIMER_APELLIDO, PER_SEGUNDO_APELLIDO) values ('M1A59WUA3R', '1845KDITXH', 'TV5W8EDIA5', '3 B8AGLQ4N9THJ9', 2, ' L5IENKJ9J', 'OEASKDGDBA', '669N05ORYC');

insert into ASISTENTE (PER_CEDULA, ORG_ID2, PER_PRIMER_NOMBRE, PER_CORREO, PER_TIPO, PER_SEGUNDO_NOMBRE, PER_PRIMER_APELLIDO, PER_SEGUNDO_APELLIDO) values ('PU0ISU2319', ' 7XR2VXGKA', 'VQWF2J076M', 'IB2SN95FGJQMT6U', 0, 'YT8NL9YLYT', 'S09YI4D7RR', 'NQRUEGY16G');

insert into ASISTENTE (PER_CEDULA, ORG_ID2, PER_PRIMER_NOMBRE, PER_CORREO, PER_TIPO, PER_SEGUNDO_NOMBRE, PER_PRIMER_APELLIDO, PER_SEGUNDO_APELLIDO) values ('LWNM95MIX3', 'BE98AMIH9I', '7 N73P6HG7', 'QH MCNQYRTBYLLX', 0, 'SI1YM2P 6F', 'K1W08SGU V', 'XGTN7LHS3 ');

insert into ASISTENTE (PER_CEDULA, ORG_ID2, PER_PRIMER_NOMBRE, PER_CORREO, PER_TIPO, PER_SEGUNDO_NOMBRE, PER_PRIMER_APELLIDO, PER_SEGUNDO_APELLIDO) values ('I9PAX2Q6TB', '2RVT2HRFL ', 'XL5TTS56EX', 'LVV1MY1E6KNSLOV', 1, 'APCTPIE4T ', 'QVITU818D4', '0LYN199RDA');

insert into ASISTENTE (PER_CEDULA, ORG_ID2, PER_PRIMER_NOMBRE, PER_CORREO, PER_TIPO, PER_SEGUNDO_NOMBRE, PER_PRIMER_APELLIDO, PER_SEGUNDO_APELLIDO) values (' 3YKF8VC4E', 'SJ0B9CIPVJ', 'M6CQJSDW5Y', 'JW1AO K2C566G7X', 2, 'VQITRW5HGR', 'JJ75NPJ76X', '4S4UQ6 QBJ');

insert into ASISTENTE (PER_CEDULA, ORG_ID2, PER_PRIMER_NOMBRE, PER_CORREO, PER_TIPO, PER_SEGUNDO_NOMBRE, PER_PRIMER_APELLIDO, PER_SEGUNDO_APELLIDO) values ('Y7YIYF9JU5', 'GXDC21OBIK', 'EK8IYP0J1V', '54844O7XY 19B8N', 0, 'SFY0RQM8AH', '37R60VYL4 ', '8V7TWG0QS8');

insert into ASISTENTE (PER_CEDULA, ORG_ID2, PER_PRIMER_NOMBRE, PER_CORREO, PER_TIPO, PER_SEGUNDO_NOMBRE, PER_PRIMER_APELLIDO, PER_SEGUNDO_APELLIDO) values ('VN3OW0A4R2', 'MCNLO4G RC', 'GD96Y5WWY2', 'LP 4BFKDNIPBNBS', 0, '9WJWF VT6D', 'GSMMCG4PEP', 'BERPUY6S7E');

insert into ASISTENTE (PER_CEDULA, ORG_ID2, PER_PRIMER_NOMBRE, PER_CORREO, PER_TIPO, PER_SEGUNDO_NOMBRE, PER_PRIMER_APELLIDO, PER_SEGUNDO_APELLIDO) values ('1CKLF859H2', 'WBOKD1VVLC', 'BNTAL298 Y', ' NUPV1J3WGTO8RW', 1, ' DH9I52VCD', '28 4DVV0N5', 'MQJLM033LA');

insert into ASISTENTE (PER_CEDULA, ORG_ID2, PER_PRIMER_NOMBRE, PER_CORREO, PER_TIPO, PER_SEGUNDO_NOMBRE, PER_PRIMER_APELLIDO, PER_SEGUNDO_APELLIDO) values ('0USKY3I94Y', 'X1EWOI I7G', 'LGRCN215BO', 'PEIDVBGKCB17S7J', 2, '8D9FHLQC6U', 'S0BEL5B6DB', 'G5S3EGTCJ3');

insert into ASISTENTE (PER_CEDULA, ORG_ID2, PER_PRIMER_NOMBRE, PER_CORREO, PER_TIPO, PER_SEGUNDO_NOMBRE, PER_PRIMER_APELLIDO, PER_SEGUNDO_APELLIDO) values ('68L8Y4QASS', 'U820GAWHO6', '4KS18N7OCX', 'E43JRX18Y5602B0', 0, 'C2RUCNJBHN', 'TVTAK11Q49', 'IEKKDFMXRG');

insert into ASISTENTE (PER_CEDULA, ORG_ID2, PER_PRIMER_NOMBRE, PER_CORREO, PER_TIPO, PER_SEGUNDO_NOMBRE, PER_PRIMER_APELLIDO, PER_SEGUNDO_APELLIDO) values ('OR SV125M2', 'P9R6NRSX38', 'PY0BPDA0LJ', 'ILD14P4VDD4TGH8', 0, 'SFG84I0N8S', '4JGPKLO0HY', 'KOAGOVUIR2');

insert into ASISTENTE (PER_CEDULA, ORG_ID2, PER_PRIMER_NOMBRE, PER_CORREO, PER_TIPO, PER_SEGUNDO_NOMBRE, PER_PRIMER_APELLIDO, PER_SEGUNDO_APELLIDO) values ('VOMIE2OLPY', ' DCDC29VGH', 'QSV9J4516C', 'GL46U9XFNAL8 PO', 1, 'WSE90IPRQD', 'DQFGLO6IVQ', 'PJ0 RQ0JBC');

insert into ASISTENTE (PER_CEDULA, ORG_ID2, PER_PRIMER_NOMBRE, PER_CORREO, PER_TIPO, PER_SEGUNDO_NOMBRE, PER_PRIMER_APELLIDO, PER_SEGUNDO_APELLIDO) values ('5W5GUIVGT8', 'CR9FI3RXHX', '1KVXSB1QNY', 'NQULICD9SS9YRVU', 2, '3TL1DCJBU0', 'U45T 90KU4', 'MICG1379T8');

insert into ASISTENTE (PER_CEDULA, ORG_ID2, PER_PRIMER_NOMBRE, PER_CORREO, PER_TIPO, PER_SEGUNDO_NOMBRE, PER_PRIMER_APELLIDO, PER_SEGUNDO_APELLIDO) values ('TXKA7OKB4O', 'PFWO2323 L', 'OE8VOYCX9P', 'MUV9XUPK1Q8CV4V', 0, 'BRVS7GS686', 'NEM  NK3SA', '9PULRDJ4D3');

insert into ASISTENTE (PER_CEDULA, ORG_ID2, PER_PRIMER_NOMBRE, PER_CORREO, PER_TIPO, PER_SEGUNDO_NOMBRE, PER_PRIMER_APELLIDO, PER_SEGUNDO_APELLIDO) values ('IOBBHGND3T', 'DBT88X OOX', 'JISY10OW0G', 'JY3S524QHEE7IA3', 0, 'IK5WOO2929', 'NMNRKGNHTU', '42IDSI3B6W');

insert into ASISTENTE (PER_CEDULA, ORG_ID2, PER_PRIMER_NOMBRE, PER_CORREO, PER_TIPO, PER_SEGUNDO_NOMBRE, PER_PRIMER_APELLIDO, PER_SEGUNDO_APELLIDO) values (' L96GMIXAA', '03X5 S3UEX', 'NHST8KESX3', 'G7NHDVHAWF140FT', 1, 'FYQJIRXGR7', ' OMLQL20I4', 'C1QP7ORKY2');

insert into ASISTENTE (PER_CEDULA, ORG_ID2, PER_PRIMER_NOMBRE, PER_CORREO, PER_TIPO, PER_SEGUNDO_NOMBRE, PER_PRIMER_APELLIDO, PER_SEGUNDO_APELLIDO) values ('DWH46 LPGO', 'EQ1NNG13HI', ' F67HLK65X', '0YXU13485SX873L', 2, 'N83OMQO5UU', '6OC9X2 Y6 ', '1QAMGE7VI0');

insert into ASISTENTE (PER_CEDULA, ORG_ID2, PER_PRIMER_NOMBRE, PER_CORREO, PER_TIPO, PER_SEGUNDO_NOMBRE, PER_PRIMER_APELLIDO, PER_SEGUNDO_APELLIDO) values ('S4VTLYIVSM', '7KBCAJG5RC', 'JEF1MLNWSP', '5QSV P1QXCDNDMD', 0, 'LLT61BAJSA', '8I20IXH62T', 'MB00BEGDAQ');

insert into ASISTENTE (PER_CEDULA, ORG_ID2, PER_PRIMER_NOMBRE, PER_CORREO, PER_TIPO, PER_SEGUNDO_NOMBRE, PER_PRIMER_APELLIDO, PER_SEGUNDO_APELLIDO) values ('4MVXSN9C2U', 'QELHTFXUET', 'E5EKQU5EXS', 'NSSWBFYWJ0BO5MA', 0, '9W66KBBJBU', 'FTFF7YJRMR', '4MFDGQ38QP');

insert into ASISTENTE (PER_CEDULA, ORG_ID2, PER_PRIMER_NOMBRE, PER_CORREO, PER_TIPO, PER_SEGUNDO_NOMBRE, PER_PRIMER_APELLIDO, PER_SEGUNDO_APELLIDO) values ('U S GLQ3 D', 'OTCGEEYO8P', 'NP OG3CQJ2', 'DN2B0P13OUHMN23', 1, 'XQL0MSIVLD', 'O8JCAP 3EM', 'L6MC7NUP11');

insert into VALORACION (EVE_ID, PER_CEDULA, ORG_ID2, PUNTUACION, COMENTARIO) values ('JGW0E', 'ANE8ALU21N', '802KRL89T1', 0, 'YL4W27ECU3U8LWN9OV4G0T24UPYBG4AIJLP1669HN1C1UDRJ88 IPEXTPC6PMED9A FF 0CSG63IIJY0BDHX6P4QEAWKIW2UFAU4X9N1GYE2NNT254NTTWI2NEGG8H 78HNSDIQKETMV756DALTV36T6G33113P1YTP0CYF0TYMKAXRQ9EJGT6BVCW9MVYE40QTF  UJAFEYVK7C8QDDY3 JH7GNS4489MEWL XSPTUVQ96QUBRCH NT7P119IUTG110HMS3G9RP880MXO2EJKEX EQJS1NYJEFV4A0MJLGTSIHCMTQQRQCPPR5LDCHWE5NCY8X4IP1U9AFVMSO1ESP3NS7UFOLUR08 BHDSBLDUGCX2YICKPLBOP47M3IAXU2YL5HDOHJUW906Y1REP5GNN2HA3DRUWAASFLH98JN9OXIJHTF8Q63XKU9CS9N8R T6PSBC GMM7MBVIBF 3IO077FIQWRMRHISN41UG15IDLPAN41IXT4PUVVSLGRR7COAFAKF7N74LX993RRVJLD1C2U19NKRSXWX0X2OA3D0E6Q18WBI3UH6QNEI6DSATIU6P2F89PN0PLCERUG4 7ETOMI2 ATG0SV29LB 5S3DVBLI96505OIG49900VFQ27AR4JFMPOX24HIP76KAFULRK5YYE9PGP4V54 6SODA8445OQRMFGAPOGTODWUUJRUXR8AJSJO7DIDWCWOUD77SLQ8AQ2C32PEB 7I1RDXQPHHW3Q3VD1KJH0X37II865ACJV8GXP33VRKWOUA4O0 84L9ROV   X3CV9 U8YO2G8H9MMKURQWNSCYECA2130M4 A82XE68 U0M6WCVWEKKPWJQMT2J MWXVRUO00RWGAQ6BNOUP9P3AF9RVJAXP3 FMFF3SMSQHVVFV8YTDQLQ6XX T5WYKEX PKX5TNN4RVM0E89YFDK1VD4NENFSJ2USXKD7YIHLUP03NNTRMI64EE8 WMTLU929HPTKP4');

insert into VALORACION (EVE_ID, PER_CEDULA, ORG_ID2, PUNTUACION, COMENTARIO) values ('VF99R', 'S232S9WPRK', '8Q3XMSLT0J', 0, 'DKV3AW2F2WWK5OG93X IQ1APMX834RDD2FF5B82INKA3IH8H065X5AB25IAFJT9U EUPXL8QCOK9B01FUW1P2942EHFCI5D GXN7O49H0UWUGC GUBQ PGXWD2T8Q8A33L6J2I7NRJ684IV6JDIE7FYPLKCFJJ3NOMXM33NQMOG0D4VY Y89VOWJ5W21HDSIXYCUOPR4HGTQOF9DCGHVA4GV2FDRC3F49VL0DSII413MBBXQOP4DO7JALGFCFV45U22M57KY3YL71W0HA0R750S6VMWEMYDI9NLWTDAY4YFWAW9HRGGN5WRP5QMO442GS8UHJEAYJ1JVSNDKC1QX94CC1Y4H 8FM8S2P44U8RUVDCIGW1Y7L4 LVR2N1WC2MS64WR9X7ASU1S7DY4H2RFOWO0NNBOF4X6H6BUSJ9WYPCMSSQ7LEP67PH9PNXTKN8ITDBBYHN PT8XS5S93RVDLIPB2S7UYK24FUAD7BEASHK8 ANATFSQVY2FMKNPY0OSS2AS9HHJ5VSBEMYEA6UXMXXOUDGO0E49CD3MW WHXH5GJWWR0NSJPPV54GG16BT07IF2YV4K65X98PBMGRK7Y U MBEX43X0JYBHISMIVSIDJLR1B5E5KC9RUOYU5N3KA7WXI00EEOBYEBIEQPN1WM 3OS94SG9NJSTETB0CU 8L7GVXMTYC69BKFR8 J4IWREQE0UQ67R4YTA4UCH8DCP6QP1AR8GS4CJBAQRHGY3GOF1XDRP2SBQWEEW9I4IP4PQBDGGCOOW7RT9Q1FHPNRJFQDRAB29C44TF9Q6N0E5D2ACBPRV7JDQB8 9X8W YJOTW7QUP0C6FIXC2KDPKWG6BBEQ WDKMD7EOFF88MU725 5KH6 WKFIFD9U6MC6KVLLEK I284TTVXJAN1J3RRCXU2A014KV2TFSN1JROAK12GJJNEN4JPE HS1KRMOQ6KJ4GDKVCKE58EWL0UYNS3N9 1O2M9J X8DQWRR7');

insert into VALORACION (EVE_ID, PER_CEDULA, ORG_ID2, PUNTUACION, COMENTARIO) values ('84G5O', 'PRFU46L90A', 'AH4LT2M XG', 0, 'JEILV A8KVX8XDMQVT97IT64LERB10V7E5DD VEEGTR3NEQKIYSHPFBO2PL2XD83DFF5TLKTHRHLJF71AS8CN4DYTO8XB4V55UJ6VHLRHGTSN1X2B66VA2 UAIRM6EHN2TNKA1M3Y99KDASR1SYIQN751W7UN6RV WRL26FB7CFM GXJFK3D16A YTI5YIV9JI2AK6OOG3NA QDITGCLCTYTYQLAXTD54FE8MD3QW51LT8J585XX6UTV02UR0EG6L2VVBB6SEX817S8RCQY62KF1OE63FGA6YRRUWOTD1GR4BECH9BM6WF8OT783DWFC4GM5SV6HRLDYULIXT20UJNLUCSLN4U11OVYOP81LIIB1UIFWS829L1KLXOC0EU2DDJI7SUJI6T1IS29RH 71RTVQBQJE1525294EIE07461YOBG18C RI1EJJT9MPFIH92CA12HOHS1YHQA6YW0TNWWEY5QOV2R9EC5YWHC36VTGWD9 MR76FWAF585KQ8YMKC1875P0I489H8E50NB4OWDQ4PVKB5OL1WJSAEV0HJC91NMK82FV90103Y7LO6X6PSCA14P6V71JK RIL54MTHHGE7NDVE8UMJ5X9RNEXFDTOI2TWIDKR8A1MYY9AYRV1158KK60JYEL0WC2 J318I6G1YFFY MPBNSOBU8LO14POXC67ES6T7XRWHS98HSELKFGQ QDMV2OBJENLW K2L153N4OL2JRYHR9LS6JO6HHBO4HORUI0EO7ISKRY61BE8I6VQREI10MQ4F9  0TFAFXJPN7SHIFJYGO4R2UA71AYXPD5KFXW7YPV00D GEF3EJ8I7K5NNWUIT4HKJA LUBMWDLXHFX HBW3K18Y8U2O6D8OD0QHJ6WTNU4RJ1QP5SV S5D6N ABE7AQ8C16IK 0JJWPGP5JQG OOTX1O8VACI2MK3L8DJROH3B1A0V7FG4VCY JXFX1UERMMSQU96RG9SRLVXMW582G YRR');

insert into VALORACION (EVE_ID, PER_CEDULA, ORG_ID2, PUNTUACION, COMENTARIO) values ('9ANPG', 'G5A3VWWQWE', 'WKM96E4J3S', 0, '1QGNUJYHX5SQNVP6IS6QXAPSRF0STK1YFGHNMW3YP3GAOO9IY9MMJY7R8AX3U2KBDALYYUHANL7K0WYYIGF7OUPV1KMT8LSL17HWAF8 US5WXV6C6U5SOV978Q6HUMWIERPGR7KNY9T5DX CSUEIV1IXOUXUFV75OI7BY7U8TEIAD X5TBVD5KVE7SNL33CFVFUSTHV4W7SFE8ADCFICF42GENBRY94PVKLBOUJLCIRW8CY1MUBWGAQEO36 XO U06M1HF1TQ72DUKKCX2VF7IND7FXCUMMQVYCGMY4KOORI6W2RMW7J1MXJ2HG095N1RP9TPKGQE2V0B148809XL7XOXLLIEPJNSADLD4MG 36HDJTY5D3WU7QCJA8MP5VFATTIV0XN6XIVF3T05GRQTJNVQTTMKFMSLP 4J5UJO7M1VLQOOK2BC60POW5Q FLTJE00G638PLVFCIMS9NKO1M6 WDJEYMY2424O AO EOVLRYGK3SD6B12 5T3OUSTC4GKJ4UJJ5HG JKRL8XVQ8UQC9QBCICMAF96XQOO0DS1N5RRNV WUGI9YIK0K 4544AYR5NSREPPOAES464AF5WQ7OJHXD1TKCN1117UJKBWIXGLBEAFBPXVJS3HS7AFGLBVRX36EKM4T9C8943DVA JQQRHXVVV3 WR771PJK9XQYHD45LJK6S8D4IO0IIIP KW1M5RWRNHJFBF64NJY3I KNIS1PE9OSU4XAYDOERHPXV8DF1LYVNSN3UKRPBS MOM84AOJG0TVIGLG4RYNOHX6M8 I9LG2GL5AIA19UDLFM7HXH5A946N7R1RIX WKO8LDBTNH09DPS0LT7 CNMDDFSR2EMEVIT3TVF15P5DD680LIKJ9TOL2TC450G8Y04L8X124QEPJR2 FKLJDC08W25Y9W3RYT9IH9U7ECY1GKEEMPOBMXGDE2Y1GAX3F1UV440C69O4A6OPC40BGGVN951K 65E4XUPV6SGLA');

insert into VALORACION (EVE_ID, PER_CEDULA, ORG_ID2, PUNTUACION, COMENTARIO) values ('F 5L ', '69OGM6T1BS', 'IFBYGUFTV3', 0, 'S6EQUV6KOJ7MRB 9LU2LSL0LDLMOL6JTXKY4O OSDL1TRH83TLVR7Q FOIILOJSXT CTDDG YN70EE0G4 I4A4UMCIK15DTL1WI2J38VV49 R0FO 4HPVJ5Q1XPTD8B2D42IU74ISXBAYE2YRL11SXULRIJP7845NI6OTI8AJELU5ENMYJLAD SJD9U66HRLPOSRSHH25TUOPRH8HQUIO257C74QY3BVD4O2504 QLET2GXJK9VG6N761EEFV6 8XLGUT3BV3 2 473NAMH6L0A6QNFKHQIABYKA2QRR3U117WF7NUAGPSJ QH88V0UOQ6RC3WEQMJ6MD8E76OLFJRRYAJAPRJ39LW3CASF1PETI2PU11M9YWXC0TBSUKXQ I2DLMFQXLI5HBV2IJA9N9Y GBQ99WPQS8FMS4OQB9KDAQY860W0FR5A6VAGE1EELI6PLTVGQYKCG1RRO8YLC485LWDC22SU29CHN9VCY3JBY1JYF5B7NXTD9DW047J CKGVTGGDWU6FES7QCW667AWQUWSK V0D2GJX89 XCE5NSKEUXO8U7ALAN7C7SDSK7LBBQWO0MW8IVBU8MO5 GKEPCSJKPTGIIJS2OSWEEJ2KCGTQKMYNMXOX9EDX5MJG4EDI2C2HU3JAOJL7EY12VPC97V5Y6JHWHU1PCFBYB1CE2O9294SH3DT8C232MUKFWHA7NFRAQ6R W86Y5WMPM1NYVSMEKOXHKLKHLHEOUJX90W6RLJQS8JA3KJRRPC11M6B2216QLED6I7LUCVKBS87A7KHRUQAHRVGBF2A6SL7K7YYJ691X8SF2AO MEECYGRQ3IHFY79PUYGCVYNR7NAPM6T J8I4XQLY9YLJEGWJ67GKJVV23BS5KM5HYHN TN1TBC5L4RYQY55FD7PAI7NUVSD3HKUIOG8GG0E4C4H9YI84HO65G8C0CG6IUAQ4S1FIX38JUL8XHYF3SE4A2YOM CRJ0 1 BDUPYRKS35');

insert into VALORACION (EVE_ID, PER_CEDULA, ORG_ID2, PUNTUACION, COMENTARIO) values ('3N96S', 'EIUI2L0YVK', 'R32PXUOMD5', 0, 'IBLTIKX493OTQ1M0CDLQRYA7FE2RH E7YE5MGE6X244LIT51QUG 1MY0HUXTOHK5XMW EFCSNBY9B2D 0C3I3B I6TKB4ID1ESIRI4JUUADF8JL6WRF8VKA6EYC98NVYF7F2WRXQ98DH98T0E5KWG  U6P YPXBSKXY24CPDCD91B8TQ9WAL JKSM 71RKFX0CWRO78OYUE4NPD5SJ7KG00QQWHIKI0G8AD6T3M4UA3D7BJQSCR3G1UJPYSBJBJ87GC3DLGY1PVW6UC U06VLLK6S6Y42 IR8RA0OKBPN9QFIFIW SPJAGFDIXAMRVXROHNAPXT9NWLH0KG4A9QTMTTPUH61K IBRARDVP886SFJ3HCDXWTJW9M0YHCMTRL0G9MS6OYJJG22OGFI6325C81I0HM3A2H35Y9GKUO7BN1R8FR79F03QOQV2B2I1VL7DWSSOVKYFXM9E8435JT3A8XVXQ0VYTE9X RY8MNS2DKMTP0IRXRY 7GY9GIGT7KDLSH V WBS3Q9CVMIV04UNR2OTR2HPLIXOBE88DREST4GAE5GES8EOEA6GQMSBVTQ81XTR6WGNWFFHQPV291G3SGQLE8DNIGX4R2 A4NQLM3GADY5JDFF CLKHNC 66GBB3FCXQJE7BM9I1TSPBKWN297NE0MCW98UHKCPNEYXQML5VJX7Y3MYVB2HBVH9TY6NDMGA9TDWJTG1VV9GHUMQAOTGNFPEY1O03J656N5FI8B6A6GCA1TKUUDGL518FB7XVU2FNNGIOCLFY6B25OBLVOU7BQA582TC MFPMWNVFOCEKU3PJUJM5O2OEEFUD59K3YDJD978CE7BP0D8J5O7KKQGPRXMCCYYDJQWPIFT7CXPHCMD9QO2NR3HOPS3GDK4W9RWUQ 2EHRC7Y4XO04T8SQH5 GS FROR0252Q5PY6 3T2LTY8SN02554QRC00IUY1CWSR8Y8A41AG0YD216MN2WMGO50YYPS SOY20');

insert into VALORACION (EVE_ID, PER_CEDULA, ORG_ID2, PUNTUACION, COMENTARIO) values ('MGK3D', '5F6U1S1F0U', 'JM7X66P4IB', 0, 'MTDOTDCAFNU5FCBIE6CPEF4QMOO7FM4P98KBQ3 74 7FBR7DP0AVOU807OM8DJ JUO04VARCWIY6HB8LLUV51LRS 1VWYFE6T9G6QHCWCU1Q97KVFF0C4 7ORPH URS3877M9SP 10TP9FNLQ6HP OY2696DDAPPN0GHX65EPBJJMYNB1LV06CUE3FY2L5S0AK5ICAXUEGUTL6GJWA7PIOTPWWIFMBK4TYIB5BNX8XVY2ODQ3P7V9PWUT8H4P9BMIA5LV6V1F GYQSRQL78WTHA792F8W9F83XP1F69EPM3BWLM9LPGYX324CUB35W319RA1 EJUODUOE2995H1LJ JTCEPQGHD3P0IY3APH7MBXFQNQSJ00KW5F02LL9T2WRTUBHNY1KTSFSTUUJ0S47Y7LWS77DQDG8AWFTT82HAJ1OPVF52YPCL929RLXYWF2LQBIMW1Q7I9QOEG28WN6W8EGG98ORLFBIV8Y871VL V87QE8O9IILM7HMQS52XIQ70XD2S0X05LGKFQ3X713WO4MBYP305VKM9EJIQGM558AI252I7 6K428 P27Y0O8Q4BCOOXFGRC3UWJCQADJ0OE47C8DT98X6N G50S2G165OS64JLUHA2SB W4OIFKQBLK2J62973X8WOV0MP6CE6DWNOYPR810A SHP5YRN3YW2QF2JJD1RDOKS1O6M66ABJ0D249OMV DJ4VS FWN691IFILAT8QH5T90H7P1BR5P8DF7H3TQ9O8OO5G V9HKSM4LJSE1XP 3WB6UHN47V1O1QS5I5D07AG5I3CCH4FR4Y01503UUOETHH GD2F1JNDBF3Y791OF0X PLG7D1LLECTKC9BR2QC8SX1WI155VO6PGCPWSMH0KKWJFURO6 9U5 4G4UTCDWNCHI60W041QTKJ61AHGEKVAE9XAWK2RBPNTWDKTDXT3PKR5GRQO70XWHVQNKTH4ECQM70988SO83FWPAKIS6KM5OBOXE');

insert into VALORACION (EVE_ID, PER_CEDULA, ORG_ID2, PUNTUACION, COMENTARIO) values ('MU3C7', '3HBHHAP2KE', 'WJE05326IU', 0, 'C10RYWJM6JRYTS 2PF ENU2 E 76LJUEE2LUWXLT2EIA1PK0UCHDNE 9F64G6QHCD87OXAMNDGS MH15QAS1Y JJ8W4FR943W2KGPTNAVVGEH35QDF9PN0ELS9T4MGBHR3T REPF1M0GXXAEJVM88H98YXRQTE9SP0J1VCPB69RX08RA6DQ0CF JADJ38NB7LI8LU 92 MPLJN6D076M0DS403SKMRUQT5L9DKG8TV2N8QJ4834SX33XVWXO671RT0P9UHX78B QFKJUTFUGUN64HR7I4AIWE87TS5YA7FY9C1579BJYCVF 1O4X2C41QLRUL9L85H63M2YWHNV5MPER8 6QKGFBYV3UMJ9RMTN1 5 A7Q0DMET 4IF91SXFTTV6IG7 NOAAEDQJ6OCP28B9X94SD498GJWC0E4ERFXS102M7S0H9BE9ESVY6VLR8SMV4LLLYSP73O8OUC9SBH5 WP9QJFB9YA5KMGVXAA NGV6PNLA0PXK CFGCPBEI9H1WIOWGSNBGS692W8HYHY99PALXLHMJQS1EL4 4J001D7FGLN6QXWJWME7 PEUUAINHX78IY44S1LY8XKAJ8HJHHBCQPU5MFOCRIA5 D8ONYCG1XIRAUW38W5ANVTQMG1U7X5R2M0W2HPHG OP7HXUB4JNK8XRDH9MAABIW664ODRRVHE46DBXVJ4MUWLR0W12QSM2TBVTQMPB677RPSWQBAKQ G5PHNFUTTTS3W YMRGW05EMTDAXH0S5LXG8P06TF3ALBENUOTB9GK6QF4N14DSGI837C843LNT6J0DJKELFM3TF3NBUB1S1I35AOHLLO81 DO72HSRWR9IARN6PXWPI8QWMINC988RNOVWNARSKEUDA QKMHXWX9URI2M0L8ISGF1YSE10VAEI6C55IOCQI8I1EHUIM5THM8HN08S5N08T530Y3PHE9DRX4JV99VEJGWT6UIJHAT1C3FIA3MNMK228LE978 KGBL');

insert into VALORACION (EVE_ID, PER_CEDULA, ORG_ID2, PUNTUACION, COMENTARIO) values ('F61G4', 'FW65JKTFAR', '3 Y6TPHRO2', 0, 'VQY18X8V64MW H3W EGUYNO2M6QUL2TN0O3GNVS98FWGGQLUNBVW8KT 3GC7QWKHWR9ULC4S233PDXSB0D2KLNN0WHNG49N8TKHWDF64CN6BJRKLM4O1B79131S7T5OLVI5D3WXC5R6I17E 2AUL0JSQOVKDONP2M4H1EKS5VGVSFMK7SGQGM12ULTD4R3UR557JLJINH0SUWW4REHO1A4ON3F0A5KK75WW72MER81UKBO QOYIENVBGI9A9Y9PPPTH8NE99PJT02JJ2I4N35U292ORETU 1G LUDGFKEHWQ8PCBB516U51KH4FXUCP0E95X3EEP4H0SRPD6EQSA93MAPOR63TCKATFYUGJ CCUBISMMN J3IJ 35D1PFRS6IVO39PVFEX34AR5G2TIBL5SWF8HFWJM8B7G2TUBFR4OWXCME186A8LEEU55VGEHSUW628YAYLHQPA2M28O41KKDULIFJU3L9MBBJ1IWVJ9PMJAQGYDCW5B4KPXMB0XWBXHB48NDD5B5VCETMYCBDG7QSFXET0O36YQBFQIITOAMDOCIULP2U4A8O4RWAA6S0 9 BLMCBNHGG3OLRQ XD3J51YBU16JFIVCY9GTK3LAKF5SFSIG5J5QKYY3CHDFLXPQCMCCVTJAU6DJVA XYYEG2GPUKI9RG5VEDLCGXSRIA1XNHAN86KJ5EOCFT9B8B41PAT2Q6LA3 41YU0HRX8INGSTCG8Q9S2VP58QGXX6T8XQO0E0H9EQDS3PL1GFO26HCFS0NGKXXL5QERFOEMO70J1XMOA843GXVMK6MRSPG2OTSYL3W7QV0I9XCEFXXW VMW6YKV0HLGWLI 4F0OTPB3LRSC8X9D9OXQFF U92GWYA37JQ9OX2UCQDT48IVYBJGFEUNL4DIP2TP3O10RL5N3NVJLJFDQFIMU9SMUATBB0SPKHIM4RBKV1ETUHFH85N2FRUPDG0WE90W774M8I6WBK1JJH9IAXEJII2A90');

insert into VALORACION (EVE_ID, PER_CEDULA, ORG_ID2, PUNTUACION, COMENTARIO) values ('Y3IBC', 'JFE143G7VS', 'WTQIHKVS2T', 0, 'GXR9RH25A656F1DE8FMFA7XTIS9QPS MIXMCB RLDKC3V0L8WCINI3HWVBOEC7BNNAFSSOP3JN7DIA4SPJO8J4QAP4MU69Q4 US7L260L5CNXU13PL1STDE23AR0V0XR6J5HAM7HY5 SDJ13RDHNWXV8BXJHYM5GN69LVOY222CJI7B15E70W5X1C4C U8LKJMW9UBYRPOU X 0FEJ0W5H0AROL7NY31YIDHWIE7FCRXD26YXRNIMFYCKR1CLVTN391ARTFE5P4U1L2QLME7BU8MW9R1EB5VAQXH38QEKLGQ2Y887 DH1G03XHFQ42DD3GSDNWMOQPWWQ4SHC4JY2HH4A0U5HLB2QDRH6L9WWBJDWUYFIBS97V8JXXS1AMIUF RNQWL4SAS7S7964P3N7MNBN3F8XAI5NCWWK YACEAVEQTXR741EVKXXJC 5 C62GWGLGM0W12 S60M0V6MD4ITOSFTI5PK59C TLHUWVNXSICC4X6QNNJITJM0RQCU9QXG YG0B0FA9JP41F6NLVQJ3 TY4AVFMTX7BCJCRP9EEJP3K 28SKS83M4EPMLLKW20X5TFSYLOK9U3 RDWSAKW3O3VF1CIARQWDKJI85HDKV2BBXNJGXC7YAS1G11YFL30KVHTIA4JSEUASA8IK2A R9JTPAJXTTFQP3ILAIAG54NCX4ON2YAKCPCAXUAP1HMQ7X5GVLX6KBX4O8RDJRF7BBNRJWMBJJVRT4E447DARWYOV1XXTSSXXS3F 1DJNMHPU83FORWHGXIYQ4L5IWI5JJ4EYC2WP761TUB5DKW6N3XX1X9UTMTEO3ELL901MM2DGN8BK3PFQE8HXUG9 8U636JTAT TMBVNK0V9Q85J2O38GIQV5GDIX1VBUPEH3P698XRTFN8SJ81IYMK 5GH234IJ9H29VP3C 5WYY7S 4PLTI NHBXDL13GKEFKO2W0D31N2M5Q4CWM6629MXTKE0KMR93YQ3ND1IYBS');

insert into VALORACION (EVE_ID, PER_CEDULA, ORG_ID2, PUNTUACION, COMENTARIO) values ('4RO8 ', 'C6MI69288U', 'FL4EO7BKX5', 0, '87EO7316BJDM2BO00 FDV4R6A8 UL2KDTYNFMCC89CM404PDF8PA0FE021YLMO03OQFSD6XMLBEE66HYVY84I11CR9S5LJFDWBQCIP6MTM2LYMK3WJLNJOXK3UFX DXK99GL6TIRPBGJEG9OYG125TTVPADW1EPFDUQJDT79 2A5BGCTCFA219PS2FOA1AUTY3DAX99GDXGA 420GOIDLUGT4AEP1TQ5TBLNKB94TW0VCGQ11ME4QJIIFCXAONI0ND7RD4GTJYK16H533XBQPL57XM HQCMFJ7KR43E54SS1788ONCX1IIM7ACWO 94C2NVSM8ED6ARUN4YO44XQ7IVFJ0P1E3O3HTVOQAYSXUK2NQK3ECMHBEWNEAW9LLHPSA18IOI01JKX3 K QYX0 EWQYYCLYHVJG6U9STONFNC9YTP1RCX7HQ6C6092K3VIAMQ1W2AIR5TCIP9PA1UJ4YDQ6SCXRX64QPO TFX71V5NA0W6JO24X0AF1YGR8MYH776TSLO4A5JO5QY7NCDQM41LH Y86OL6H8OK6PAVPOQ A22 55F58RYYVYDU9LYVA16DYTR6LC4DKL2GIFBQVXHU0AGI2O3MBAXFGKL7 RFE9NUEDDD6B62J33ID3MTBFGG10AC9APGS445QWQSO3VMT0U4Y5DXHNECURBLNA7VQFLDJHYOM6Q5SF3PW1OECP4O29 43ALT2YUK 50AL31JY8AN21M1BDLSUL3VN1GNQMR7TCCG0ANFNNQ5QXR94SYEREC4WUMWMH8DMM1DNYYSKA0W  UO0FSXU3L7APLDY03YHQDP3TSB7UUKV3OFHOL1KEGWRWT  RU1BN7RIJO0R78D8FRW3F XQUR871H0IX986NA28VW1XWCTJOLJ27YOSNPDNS7HYEC CQ7DOUQTFWJ49JV569CJETKMBU71SJSTT37TEX41I2QG7HHNKVHW5M1ERPGLF0N22T9C5NRRY1JUDCIAN639VT CC');

insert into VALORACION (EVE_ID, PER_CEDULA, ORG_ID2, PUNTUACION, COMENTARIO) values ('7C4HL', 'XKJJLD01SE', 'EWLSKHCQ4N', 0, ' M5 RU1EC2JG 3B4 KC3G5TLUWUV3J24INSX5PSHCPBJB6HLA7N9T3 NHUSTXK5K3 JIJIWULV3ICWQ6VNQOPD8KL3P6KOOQCG3Y2O LNIQEPB1DF WEHU9BHINJU39V I9F2DHEQUY5PSSXSB4JV7BSESA73UNKY9S09LVMBVD7Q4AOEMVXBXBB L327W9PCWA8KF 9YUEVGMB 4JWNURW5H8FDIA37HV0HCF4FN LN5Y7BASJKS8WG17GGFD7 47 BLOF01LUBCLIYR54VW62HNRYPMYL0K3GT 11CI0S2NXLJY7GNIU8C9NY3PXPR7TWEO4236O GKYPSBVW4HR4H8GBVBV20UAAI6Q7453CDE930Y0IAJ4P0STD6HLH8CNBXA7X8DCS4O5C1TUP600C3UC2FQY84A7NRD3LI5GJSH0UWRAW0XSA0ERGYB419AO304CPFN88SQQM0RL4PWYGD9N1PKDM3JCNB XMD334UVKS3S7U 7NJBLK8HI7 Q6IY4GHE P7XECI7WUPDB75GIKNAAPUTNP2CCPBCDJBXNOR0 EFNM5C7IS2YPGFCOTIL98Y70UWVIU1HFVF7CYVACSX0B67GW30X OUK83Y 2GLARQ3CQDRG9O9BCT1GXDFB51W4 AJLYXB95QS XY 45FSHT1W9VI0Q1RBO3D3VDNM71SE4FMXM7S48PVW8UMPOOJAIHQ9H9F OC KW1O6L1D1G08YIQ7W7E0A AJGQHFCI GC78MC4ABT3SCKJAX 61PJSJQY3N9CE00DHRB64XMFT 6V3EE5EOUH28QSJFI0RSFOIAHQUNQYUW2PO5C1LLLG5BIT1PTIB65H594X9Q2G G1J30616A2FMP4L7HCQ8Y5WC4QMPMXI5POOWAQ1JIY961XOG 9IS8957M3UBT5F0ASNHT VGKUBANGP1L0LJRQS1CMQXSTCRJLIDWT0LIUKEMKS525SY0M8LXEDKXM11NTMEEERN4BIQS');

insert into VALORACION (EVE_ID, PER_CEDULA, ORG_ID2, PUNTUACION, COMENTARIO) values ('3FSK7', '6HCVP7R7D7', 'VVHYUDQBCK', 0, 'WM8ARGGP8B HLJATB1J9ID4YYLEM6HXAR12BUW8F45Q2VPX1S2G2PVPBLFJQG801MBW42JRQGWDPB3TKPUT4BBFAF95GUHIXVLOXSNV7RG 5HA4IV6SIN2SKGFB44PGVBL5BHO1T4DGLLE9RNAMUIG1XIN1GQT6B74S 94O1RQPH8XGNY5C42JUVH264M247 OFN362A9VVIU7F KN1B1A87P7R0GP5R8CMQGO3Y8V7BVYHVSPGD660V8DL U96UU5OST56RY2AHDNANSCG M54PRV771LU29L3LEAYJBWOX6EQ7B0BCMA2QEQNYFQ2TK7HHCJ2DIXEL3 QH8TYPB44YI9LDUWNSYOBW0T549VNJ0BOQXF52K0XUEPKQDKX2DNW8108M2NQQ5QCUNGAEV9OUD45OJONSQ6S83GGDCBG CRB KD6HEA7KQGA7LC87734JUDG72CXPRWN92RSFB3T EOXWMBCGEUK8E6343B05X LE7K6PSWA6KD6QE386IVMGOPC79DQNMBNLPWHNP7K9 XD6K0WR1IH9D1PPPB7GL8IOSPUQ AHJJMN9IH8EHFNEIR9NA2H1CXVRXJA24WULDWBY9E7U3N9YAHJ92M4FVY9R9DWAR1CJD1PV4XGEH3BCNDDSESAE0V8QLAL6N609X2Y RYC6CYFEBQK61Q7OLYAF AVEPCDXJN4FH6FTGXOVTFAVBNO7H5WHS25PK999D37TLB9XTDWUYU8H8VBN CWX R6H9COSOA4J3B9ATFE24S5K1W285VOTCKRO7LF3GRES3B25I06VIU2K3W H3992DI8WK3 3TMXAY20GWV0N M5NRVIPKCWCAQH3BMFN65XVQ937KP 4HXV2MOOMVK1IU62BGVI9EM59Y81RCPUVF8KTY2 LH7XKAHNPRD7QTYA8AWUEUBS9L1LM2HU8QK7NXRL4VQXD3Q29B01U54GHQFIOFP3E4KM09BNS7HGDK5SUTDOES1L4UQQH');

insert into VALORACION (EVE_ID, PER_CEDULA, ORG_ID2, PUNTUACION, COMENTARIO) values ('HXBR3', 'BOVATA0UX3', 'T4XC1KIH0H', 0, 'JV3IRWGFY6VFPO8QFPAXKUNYRHSHSOQYIV9F0KWKQBCF58EXL3EGLC30JVR069YRQI30EBDUSVYX9LVB75XS8XANRO5DN1SFFJ34NIWHVRUO81C LJCVG91G80D1W8C91TBTSIEFQGA3XFB7OC24PW HBA9SY2L1CMBM5998A BVG 488SLYD6GMOTN3X0WX RG3RHTH6HS66S7ECYBNRWE0KI0XIOY5K8L5SL9T0U218VJKF0DVX0O2A389GCIA8IB860SIS8EDYUKSYA3 W8WHM2VDQ02FJ0A CBWO0YFXQ4FFFMK2OAB2QXB4R94010O1IP0PJ6Y0J59AGJQOLG QMW6U5KPCUJGXMXWYNOLA4WLE2OFFN2FRLJR2TVUKM 0MVWB  YFT78BDPP2P5C14GYMBY2HLKQ4UKUHDVFP TEWD1NKMCNRI53KVWP8BTOATYCR9YA5PQM 2IBJN4PUO5T3STLEEG8I91T3QP 2L2OV6BK0TJCF99O1VE8QKB27CLA8A8Q00ET6DMBXIPT7VLBO8JMPHU04GV8L8MRX8AR1GF6GKEI5NP35GWJPGXX417MMNG6KTXEB20VK54VIMLMF0OPFOW HQHV7LU00JQUN7KECAD4PECIWO5I1N2D25AYF952AQQ7KAGGUX1YCRV0RBAEVAW1 K6DYJPN9FMS176XV0USX89M6W9J9XOCXUS1XUJR9FON0BD4PLX0Q6V84W8UE7VX03BI1PUUQLM VTHJ4C3976F3JBF477MOIDA8A61SJ USEKB64S9IHGWISF 7FLJE P9D6BAJ2V0IAV077JFRJIKPU9WH6G DWWSE7LDOCNQNY12NC4OGFIPB70U5AF9NKUSA2A917J1BN0807RXJLPP5HRT431ILX9J4BSR7XBX8FN45SKO 0TMCCCBB5X36XBYWRUQCGX50SCL25LHD 8U9WLKPKIV2I OQET3EH67EQQQWAA25U3VTHXEQAYUFXURK 6');

insert into VALORACION (EVE_ID, PER_CEDULA, ORG_ID2, PUNTUACION, COMENTARIO) values ('P0H3 ', 'SB5VMHHWOU', 'NG727FOXEA', 0, '2JFTL4RN7YEH5LR 6RLQMJCUBPS697SKUF OPSVWYDXJX4 6TRHASY88PUON68QRCC983EYCRUG7E6TWRPWBHIM4I EJDTGXXJQQEQSMWQIX4X5D02MGMDI833YBWEQEUOB6YUGBRL75OI39Y190QI7PJJ2EAPW3N5VF3ERV4KY8N048J XDUD7S BPI16UX8 I1DGNX1HH7 95XMGASTMWQO88H8D5FSFO850DM1E3FAXFSY7I7J UKRVYPPUAYAMKEUFV953TV5THR8T4A4JI5YEKWMA03U8AAD49IVCSVLUKDTMGI0AEU48PYIJDJWM334 E7C561F3LFX 5GAC4UHY4LAEUR1BD1MS9RRKPGYC1HBEJRTMOH8C ML7MS2X4CHHASCEOGNEMSQ6QLV8Y7MVR4HH7J5JCMIUVYWG8 VUE  K2S0CQHI0I4I0974BADPESFX6U3BS8YCMGB0G07 DV8WVGOQGKE1QD96CRRQGHOW2KC40M3 75LW7  XT 0 YKT57DM1I5GUMG4O99WBDC2V3BHS8LR5PR7HY6JJ26JXB3 K2K7VNJURJEFPQG5XV4CL1EI06QU1JYLGMI52DE0TGE9N4EV32GS5FGTG8 QRLW11M2O35UB78YK9PPPMC5B3NLN558NYAJLUL7ECB1EHX1F653BYBHG4UTXI49AWGH QC9TCUE8M850K4CLS86DSYQT1PICFQHV5W2448HSIQ32WVAJ19ASI3W9L8NS2M54TKFLUGUBKLBO5SRU6X979NKAQ7KMUYVGBS6LB4P0N6AEOMXA1RPFCI8BCHI4LC796A RQUK6JU0EVY1H3W8XVIY9BVN394ORJGWHLIFMEIK0AFHXVDQC8WJ082 ES6654OGF9V4V7XT98P753NCM 6OTP16OEBH8J6AEKIMJ4QU0U9Y0 N3BHR45XVA UMODTD5XDEC87SLIF3H3BYUH5S QADX8RPOT275A2NC3MT22T6MT3VIE');

insert into VALORACION (EVE_ID, PER_CEDULA, ORG_ID2, PUNTUACION, COMENTARIO) values (' 73DQ', 'Y7HN638SOW', '9UN YJ8477', 0, ' VQ3 DPIH RC6OKKNF0UYMTVUQU1VH7QKUOOA5 1SURH62JT9CMB34BHTM086ABVD41W5HYRLNG0RWHELD9B9L2QQ6NQP2JRCM1MN6QKS8BI XKDDK7384UV8A7V3P4YWEQW8DCQNHY4TK4O1XBIWPV1RP0CBOW979TVY2E Q1XRB O95VP0FA6S0X1UJ9 L78K RT868R6V VY XO 9HD1X 6AX19CTJPJ1J2HPP4WDH1SJ VJH624V9TN8YNEGBJ4OMR DL5J2LRVJJPW03GTYBHXUA6C8EB  34EEI5BKFM76PEK9AU28KG2QSKD39PNQJDYOVVCXKSW88MXD2XUODDG3K AAKMGESBIO3T608Q1WJAN1OC4K2EX5PP14UYDA53TIWMHIMIJLYIUUR67R5KO5VU0RND9URM8OCIFJLHR96W32BIVFESUCDG2M44UR4N5B30RRGLXUHMOVQPE8BNDF7FSHJF99POJ6VVUMO8QG3052RH17L1SGSTFJ9S24Y18EHP 37E1HN7O6CACG64TJA7RUUIEJIVDRJ9XGJYPR86GMGIX9E37FIMKM9UOYR5E87LX5VBWQ6IJLO2KM2NQSH7WJN7 FY95SHYEK70WIRGWDSG3DYTEWXRL1KL6OFIW3RTGF2ISSHR7AGW VKTXM92I70JCG7E8DSIGDE6MO0N8I0E 67NQN2SW79EQYKXWH1M065JFX3PUK85DS7ANNEWD1R36GXEANNDPDM10HG3VPT2FNT0964FJO7CF6CL5 XPULGOM4I0AVSD4A 8519WRLSXOP62NQ8SJ7HO32PDJL 8JQGEPI4CG6LRMLBSTC8CEJDTYUXIXJSORF9DXSMBFLXFUXMF2M5G7IUP7XI5PK6DH355DA9BSC4GBKNPSDELRUFXY8Y3QKM1OHD51CP3D13J3PL857QXOKTM3EWV90S KUJCYPQ2HKF8QGL0AEGU7AE 9RRGQX J2ASGHHOJDC3TFD20C4');

insert into VALORACION (EVE_ID, PER_CEDULA, ORG_ID2, PUNTUACION, COMENTARIO) values ('JEYXT', 'EU3N5LS8QX', 'GSP2M3686F', 0, 'UAS5YFDT9NXT90K9 SFI COX24P1MTHBC8UXSTS8OPP61PVKT7YROXX3XIO9PUM5 SLV2ANLUB6BSF27VSEOHXYRPN8TPPC3DK92HAL 33LIS2D991NDG9NVYCIE8X60O5ILFI7QHEW6MSLAGWVSWXDOTP0MSDJVXDX30MHR9WEB84NPYXXNI8C0V2DI131EXRXNGTMDFEGNK07KDMHQ82O C4QDW4CMP7XIEUOFBPKK7XWNK9O7UX20DB5P9B8Q07JW1G9DYRRO6SQYI6XYIT7WDJK1QQ9L4R0WOLWMFRTC4GT IJ BI7OODDL6V7NQ0GB173HB3736NDLJNYJ Q13FF5C7726MNTROOQ01OFXQQNSTVDB0Y OKSON2 TCN 3V9PHFVHDSA4B0PQOEUYRN5YRW0LE0BWYIDDCXGQDA 84RJN4OSKA7NJBOQVYBKK8FMK1I4IX 03G8N0VOPBT3S1CYUB45PUBAO6260CATQM1S7H5G5VQ7D5UK3CCB8NJ6CI19CANR9G6OKQSNV3KN5CR K97QK9X3Q46J8VHGHBM NHV5 UW56WR5IOSEE3MJWM U0T5E1UTF72SPC9FUK6EM1 R5BLARY0VW3DUXX8FSPMVW7YCQEEL2AH7W3KDDBANLV5U21GG65 46UOT71V WDDRBYAHBJ9PR5KJ27YJRF8LVL8LCN1431NT5696FFTOHYFICVP BJ2X70PI0RJ8YHGMGGLU VN7BG61ANSX402RLCKNK2JBUK45 JOOJ6BGID0L23SOFEU7X5896V3TAH83SAUM4DQQFRRGGPBAAVV0I7VT4L3XE7VOECILHPKNNLCMHM61O5VT53S9Q3WJO4P1RJO107A6EKIYRRGYHA6XJHD1N63NTW1O47E2WLP41W6FMWL3 H7VUV3LT63MNHEDWSHQM4MR 85ENC2ESC5VXU0BU1UX3PNRRVQTPTSYOGK61K4BW79D8HDQJ5G0505QSCPACN5SI6');

insert into VALORACION (EVE_ID, PER_CEDULA, ORG_ID2, PUNTUACION, COMENTARIO) values ('KXJXF', 'FG022FCLLO', 'Q0M9JMHRIV', 0, 'HAUOP7QX19354UGFNU8OROBLY9U7IYJYAHTTYNU21PLKAA TIECTE7GSSTAR62GTLG7L4NEEXHWJTRKWC3FN3I3A1MQ3IQN2735QOH4HMV2POCTK6RX4NUI7LVCKR10526CKCJE KO TLBTU46XWPAW56H2JXIA8EE4LL GL 41HAWRMCB3Y5QXJMXRPPJBLU5UT6DEEMH QGX0C9CJVTUB1BOIMO1EPGVG K39MC2WGXXVQWL1LH05N4HVI39Q00XRRGO6YWDT6B43LO NAPIFKBEQAO8W2F5CWEMPGXMOF67OVJ75934XV97D QXJ2PQV7BT6JSQAIUCGHRVFC0EETG TTDTLQQXX7W6QD F3 CM7LFMDRT19S81SMCPVJSLO5 RDWQCR05CG1T9C9810SQHXRA7GTYDYKH161UVK1T7QB04B089IKVJACDDSMUWS06Q0N4QUUJKLMBTC8F6S17DV0K3JRY6ABQBU8C8CQA46JQ6M0BIF76KCE57YUJSCA62W 9VJW0WOSBEF3655SG8NPQ5VYA5O2HIW 1HXV773OYO3FBBU6T1BDSUS420AVUUEIKGO7MKC2LYXG4NCE5CC7BPXD6XV40J3CQEKY0OD1YRQFADRUV6R0OJVPWC4S090S1L9 3K6XY1Q5YSGAIGT5GBHGP8AXHXP67I9R2TJ PWJEERTSSTQ6JIV0DRKHUM8F90OFRHEWAUR37CWMP CSJAVKS3HR1W0CMG SKWBW00SA0I9HQ3R1JC088K2BRDGSU82UBD7C78F0DMYPBSRVBOLRHEASKIJYXV0SCAVW6HLWE1WI37B7BM588KKYAXMIT86VNOKIS9X KXS26D1RHEIKBOIF2PGC1WP23TNGFPX5BLA9Q6ACL5EAW01I FNJVV8YVGI6XYDIQFIAYQ E1HPCVJNH6W6WK5NADVO021AOTJ13W 6GQFFBW07O56VR9LJYN4QWH2VARCWCBHIVGCHWIG5TPT9C');

insert into VALORACION (EVE_ID, PER_CEDULA, ORG_ID2, PUNTUACION, COMENTARIO) values ('8WJF3', 'E4BCETMAW6', 'KVB JHDVVJ', 0, 'K 8 X1FDLWVO87LA8AY6MPUIH24OWXU3W FEBOD3QNTL2F69QXL L6XED6395HUQAWQ0S75OAKXSS7CJ9IKDA SFGDP737E60FD1BAM3UIW39D2LLVH40Q6SS3OM5D8ADSVYJHGUOYW7162I4WFKJNUTK0S2V43AYWSNGQVUQGK9UPUVGUQT23RJ5YYQFKIDSTT26AAKKT47NHLR2NH2DDY4U99W 2S425CUN52ALTEGI7LHEHI1JFYCNEO8XYJK1XVJPIK8AFALN1PBBW5HXQHR6067RANCBA8LPTCS5V2 8O68TF7AQGTFI5L0ORFJEJW6SXRNXFUE0WSUT41LOPFCA07D5JC1RYVPT3HP53HI7Q3SNR2SNEYYT2SK1XNFHS4 PLRS9Y4GK6MC8PMUHSXDIXWJA96DA5A R50YU78U IUBW45ECIGH6OTV3PQ5CI7PSMYNKO5UVRTBTUNM4N7I4PI36SFL5U2GHWMOONVFT FPN7MQBGI0LO5BO53XNA4Y1E2DROTK ASI8FTOERW KA1KRD70RL0RIMKPALGS65OM67RLQ7XW2LIQ8 37IMI2RVT4BGHA43P YUGUN3C7X4XEOR8FV9WFQC8YVBVIDUC5P6Y1D96 3XI9NSNYK9YS6C66IBVNW7IR7QAG7QDJXV 2A9RX OVE6O3T6I7UNI9TKH2OGR I7081N5EM37 56VH0F K3PYXM626FOARM1X6U4APS3XE7DNYXDDX26S5AY7SJ NTM6VJIRQGC7WHS0D3QW7S 4TNUQR 2AVK4EFKHVJASFYONOUB3PXO360S42MVK7M0L80OQ MJ76UUW3PI6A2OMCG3 SI4TM2UXCOY3QTY489I1SU  FA1896M24KGDVSFOKGP02NDNDI2B9H1G58FITDH78UNIAP4GS2U4VG9SC555K57MUCUGND0FF9N6FFY99J1W6X26VXTJV 9KIH72IX8NVJNSW68QRMHQX9GQ19281V8V');

insert into VALORACION (EVE_ID, PER_CEDULA, ORG_ID2, PUNTUACION, COMENTARIO) values ('DG576', 'VTDKCE12RM', 'W2MN08R6YS', 0, '7B4Y3E2K6H9QQHWTNMHA8PGRP8G2HJAD6UR 0KA2RN5D7OBF4UI9MIV CO0GGPG46TF9ER5AYUEV8QRO1VEBGEK6G6CXKTVP3N QTGJBC23RWDM8HNHEM8 UYOBDBQT BUMT3WMBRWA16DFWQ 2XTKJKQA2GQSAK5JL0W3WCSU9P H2IGUV1EL6O87QRW68UJBSELRIOL3NH3S76 C42D W4MNJPEK6BNCDW4FFNSN98J47SODAG3V4T9W7NGB809GM6C9J44CMRI KH8EOD7QP0RD8D0L69Q2UV0QB67SL9KOR8LK5TB1QY0 94GABA9WMG44O88VVPUQUFU43Q19W1M3DOHDPT178066PPR0G05X9FM0SC0XCQBQJ13INPL61OI4X5VQTK8J231E3XUO AXYQXCBTICC9MLM86FDQ27OC25GYVA9DDY39WT7QQ4TEYC6LT9DSCO8VVPJH3C4J62ESQ0K5MICGAA4D5NF2PXWQLSXYQF54QMXKEA0JN0WKFIYQX3H881F319AN8RP7Q77R0FNPUG7XWG5LKJ484KCPI2SYO9 7XSXDSX9N G28AEKPOOJ3WQJDC6RSU8REW95NJPY9C0FXLCSK5ITS6T79X0SD7V5NK22FF3 W4VJOO54KLNEHY7PRPN7V5T6WKATT SIJE8SGX66RP Y35RHNU0K9M9NHUVGDW62X7JJADB4N0PTPXNXKPJKEN9G4E1LR7282NPUGUGSU YJ502Y06BPDF7MH6CAUXTE5H C578179F42LIW31PFA24RWH583BQ5E9PXYLHN7UE3D5N2 28J04LDJUPINA0U9UEEG4XPPII0CMFG2J1NICDO9KMUX7GT7WOJLGHFTN1489MEH R5Q0U94WM 53YM5F24H18WQURHK90TFJYROFEAMOTGPQ9H0WCG0JQ64MGQE4IOCOLO9X4DNO75IPIVT1JDDX4DPQ0E 1QD248E1Q7SRCBCQY1QF93Q0U2Q64');

insert into VALORACION (EVE_ID, PER_CEDULA, ORG_ID2, PUNTUACION, COMENTARIO) values ('Q53AA', 'HSWN0305DL', '9CS3 DXMNV', 0, 'KTKLRRNSIGVLHPHSEPOP81A3WTJ2BM20XKKT7PH8CPECN84N464WU96N6T1X3IJH7I3R8CU4UESPIBN7T1IO2R8YN5HALKH9K5CXEPBHBOF4QRP7GI566DY3VTS5L3O8HOXHPW9TOJKG643BC Q 1YGVY9VXDFGUIXFR6J68XBA9E XLH 6STEJPX83N1MXSSHD4PAEO83VXAESICUS96URE081RTWPFC9BYHM6QY47AEH6QLU3YAR342AEG T8L7G48ESSUR0OMOKPHROFOWSE2929TXTAIC8ACW1 76N Q3VO937 TVRBBYC NRLC3NKB8KG4R9ONY2MD1JQ1JO89NUGPOVH75HG41DG4N120WKDX5FQOYMRJGE1XP0JTWMH25J70MAWAAMBPUXL4F3T 78OGNP9LYRYE0PW1KGK971U4UM30670RWASBLUBQDOKF6HYOO90HVS5AB9V6EBLVE 5RHSTVPI22BPKR483QBXP1ATO0M4CVDHYQAS4HGXL2H6AXD 87EC7WOC01J0WYOD1ML5GIDA909DTGX4I QJE3TEKBXWXLK5FLMH9P3LT7I9QUNW1Q2Q9S7NQ80FD4A2NIVFWFNHCYB2GTPD2R31729OSIX48U5KSRFL38PD7PM63N4VQ38JV29482KLNHSIVGYHGL5SQOEDDGC5C 1H 8RMT2CA5DAT8NKXPPONU52JASM4C8SOPLEWG2SBLNUUMA7T4NNBEXL19WHIP KAJW9SA 9VCKY7PF7B10Y85FPO0VOUPKLXMMQTF9VTHJDWXG9 5 W2LEJG6W4DC6L01E7T08O MTW7P0SXFT2M9HLXR1YNNSM4FBYNUIM4FY7LPU2YW36DVU3V6AVF0J9F5L8ALQL1HMX74XT7BJTR76VTHTG3BGEHQEPFWQY35DLT0P7FANPWK62FU84JS9CT93 KE5V5JHTIYP1W3D6 C9RYSJLM42LKTN9J8UW14VQTXSRIG9CSEM8DLU6');

insert into VALORACION (EVE_ID, PER_CEDULA, ORG_ID2, PUNTUACION, COMENTARIO) values ('6EFSA', 'VJIPHC7OIL', '72RBC 8JR7', 0, '42VC82CX0XX1TU2PDVP5KQHEUCY5YIB3F3GJKAMSJNW7KV6VSE6LM3CCVTDJJ HX5Y6FKT0K5RWKMEWHL13 A1F5S7XVUNMMA17OOEA2XRGBO3CNGVJXA4DN9LDNDPG830QFGKOQ4EREERGQAN8KQ45K5RCQWSICAJW30CEMB7X9S2D4GGCRPVYVSRI59IVW1YHM3XT7259 X5KNGXNG K44K3UOA0JHDW64BVYE667Y98GF84VMHVV4OJ90C0WV5GFSTN2DS 100NIED43R30FRYB61JCHA7XOU85A5KA936R2MK02W33WK5JSXO1JB7A9BIFROF2LBCFUJBBIX1O7IDXOHGL7R9F871N3C5OY26D ULOC2IYU75KF7RXHG6 6WWAVQXU6LE3HPGRQVEQO7UWNR5V3O0L5T634NPH7RN5Y8S00UKKUA1TVOUWB81YXW6EESXPNG3E0L4BNX07KL3I47U49CIXGH 9BWV73TQYYEH2H0FSGECOBYXTHEXJ120TNF4JEBC9GPNFF5AHT2 MQKBKENQ5MHI7SK4XLKF7WARLL9RMF8E8SPWR3EB9CVYKV2D0P52 3VV1HL2EB41GAVNNQB78C4WTTQN25BL5NVEAIUG8KSHUP 4MAVMK41RIOMI5SBQ9VH8AL3 LP1JP09JXDK4NKKS4UKPKJ7A259C DCUO7HS2G71UG6E39Q391XJ2F229LV527E5FILQC2HVRXUF8CQ 1  UHGWAVPNF2L80T60PT6R5IC12FA7YE59TIYTADS3L9S3SC0GM9VI45F78DMNMD1TGKTEHMMI72 2VYBLBBNHR26RL81QP8CAP8R799P3ERXH5BKEL05G2 NODYV9L9A8DTQN5CSX5JQ RD7 DWFUNRXP6RL9L1FUNEB15DLNA6I9LR1V4QG7SCVO7HXTYCE0SX0DRYVGBENGLS4QEBKP6NIELELY5MW51FGM0DLW15L 1KAN9A9CHS9A72AF0QUI');

insert into VALORACION (EVE_ID, PER_CEDULA, ORG_ID2, PUNTUACION, COMENTARIO) values ('4VE3U', 'MY70WT6W8I', 'A497G55GPB', 0, 'XU0SJJHN2UKTFP6XEKGE VI1CFMILLG8XN 3RF0O88WC811KFH2UHSIPCGYL7DS3LKQ58OW7YC JI0NHS333P5Q4UCH6I8IT 39IA8KU7ELOCW 1QVV5QCSCKGYDOH8CS1EW2LNLAW48KE1NUP21V8IPEA 2LBT SJ35AS09C389744BXM7SM9YO1WXMV5 NHIVHIF8R1P3N4684ESH4CJ EO1SB7G25CTAL8L41E5OHSVGJGV4LIDF2F68UCML SDEFJNG5 STB2R3Y1PDC4X8TOMAVKKCEL88G4HOPJW7J1UTH5LD1QARC2KI0VT78BBCLJ4W 7JRU02VWWFBYGJ4J3177PC7V43VHM02I8JL G EN8VV7 RVTQL65KVYAQ6V6TI7DHJ9BIM EB9FTRVF2KQSUOXEU XVX8WYV6OLSXGQN3JM6K9EX00JTPT10U43S5157 UOH6AHUQNYXA6IMM2X87N EKJKCW1O6A93OO7A6ETDWX98HB7SHAEFPAR5VH16SMXJV64LG2WF8ILB3UJIYGCM64QK1BEB3DAWGQP40Q8B0A WN1FQ0J9WS7RDX6DF0SSCYE5QQSYPUCYF8R35O7WMVOUNO5V5BCL28NY1CGCW95G HMQ98GDISXY034NY0DETJ27GS5K5Y19VX PTJC1DG7NVF0M 75BTS7KB7IG2DCI9CNK1ER5CHD4P5FYQ0OVUE3316LGWQC7K1NDOIIT5WRPUBD2LVPR6XGPNI95ISAVV62JFWD13TIFRJ77B4GEQ2A06MBLXV59KQ8W0QHG CFH0N FR08HS9DH9ESGG8PEFEM16H6NJ5TE0H1TQ9QE6P1VANCOH42XA29O5WWHUWM3R8FO OE3RTQX4MOD2OI7HS1B3XYB4W6D1VM881KD0O3RURD1NKFXXQSHBT98T8BAFCWO8X5IUSTKUB6JCOIHXGAQM1 OL1D6SJNPL6FPVDW466EX3O1RNDWY9UDSFYA33SL52U');

insert into VALORACION (EVE_ID, PER_CEDULA, ORG_ID2, PUNTUACION, COMENTARIO) values ('L8YG2', 'PSEAD MPWE', 'DJS9JARXC9', 0, 'VCHUU4ILWJF3VTCRG0YI1K795RL87VD25MOIJ 0CYY698YW8844KL7IKLYCVCH GKD3GFB6KU49W Q6RG3G2XSKB35O6XIV2DNJJ16PNODHCLQMW813CQE0DKKVPYTPGGOWWWQMAWHIF7CAKPH02432GHHTEQIW50DGNP2RNW528V KLM6D8 VQ4YJC513BXB55RU8 HBDI07LQ4DX40 1AQCEY2WGS2QVQ008LQ2LX5X1FXHMNR32MO78Q6QXV6 Q7CPNG9VXLY8YFJ2DDA9ACSV9MSJI1MM89MQDMH9MVYBADAXP 232KEE6ARWXDY5PMGK7VE57NDNJO582EQ7TBJBXP01KPQSJE6P8RF4415IOVSPEKUQX58IYCU3GVKJTA0LV3F5SKP9MPI9NARCGYBFJB1PESA9NN6JLLV81UHET763ILP4AE W5X82F44Y1V6JTTDLF2U2XDPPQ0OXJEUXKTF0265VQ6E7HXT5CN2JOD7CN30NP13VW52LCN1NSPL634UB6 YM9 8H8WU4STW3IDHQWMEF DASK0UNON3QYGT89VK4WH72U2JXUSMWERI8NSHMRBBO22HKL9YNR8SN1W0Y2S5GAKK0NPXVQB DQQRDB0EN68UII88 S7YB4YL58LG 7 QEB7 WVOJNAVH6SDHNCQ0JYXH5CKBR79PKQ70BRRXTE4V3M203VA70KO MBN6I4YF4NWUKOJ2XRO 7HBFIKBYRO6TEGHTHRWFY9T8IS10X3NQERRHCC2WQQUAHQ92V9IXC350TQKOAJQ4TX7ON1IURYYONSC3SQYQ6OJWN8DIX2396S3MU40JA036PBXDJNN79RNUWASOTGGMGYWY2CY232MDY4A7WPAL3EWK0W03S557YGBEOJPL13FG04MPIEKW5PAHIVKQLQNRJAPKTT5YV77TWVFELTCP36TMLNLQK9I78AROCQ4RQ5GFSDLJX1210Q7QTNSK20WGW9RSOUONV7CXNVPO');

insert into VALORACION (EVE_ID, PER_CEDULA, ORG_ID2, PUNTUACION, COMENTARIO) values ('8APJ8', 'ERVTM8KYI ', 'BOA2X32Q4X', 0, '6 U84RA7A2U3L H2EGKHRBTYC67PXYENLLPNSI86IB0PFKF8J1CL7GRX6C3VX9MBHXKYLK2KYGEK5GBK6JG2IDGEO DORPSMK90MHG9YEKUSYXS3LSQUWA1M6PXW1X8D0DOY5EDOBK56YYP7 H3RSA8MH3GLK52SR25AYV8P0JRGW7A95B1S0MYGIQPFIO3 KSQRMPDIF0CB7992L29Y9N8J0M1DEYR9CXMVXM GOEM RKR9UOW49BAN2YBEYRDCDW5IGN62BYNGUWKN1U5FE6IDDP4PMSUQOAGY1I1VDORK52YYXOKCB0UPHQA42FVOA85Y36BXP48XKAF 4A32889WJTTJGSCYYTL9U83EFW6XS7B11LCPLHRVQ7D1P5OHUP13HDW00CP7O53J2CY1HCQ0SFXYU54OHPOH69CBCWSCN52T3EX4F3MAKBY1I08XE8ET5V4829QWKQIAF6AF1ABBRC3E7 XU969QKJIPAO1R7OUFRWTUWX09PLY 5NCYWXVBKAI94YUJOXDRLRDX LLTD5KMOP2T 5IB9VOLEMVV2SV5TJT4GBI1BK4Y0VC91FJ5FRTVPAB4 E4 TEKK0IP41S7YA1IEWJNTW97LBY37 PY3YWPIROK17WNFNIAQEQEL13AYEAHGI2MLU3V8JTQ5NV9PJ 6XEYECHQ4Y6K2GI2B50V50HO5J3HILR3T93FII4NMGTCHTKTGLBOPNJXLOFTED SXC1QK854S4Q6N4AWRT6XWGY7UX8OHKERQQDX7FRICR5P9666RCKA5DL4CHCVCJV1OXU159Y9NFLTBUQDCJEFWP3SUBEO6C9JI 75 N380E L3F4VFSN 5HGO911OO16IMNQNSGERCY9OODGPB7 5XN 9E5K XBN52O03I6AR1P4YNIAKWMSE1146QY79FWUBDPJOC9QGL4TJAVF986H8TSE7O8DDHMMP4TO091Y01B93VEAAO1WUK0SC9M0D1Q28R39CESYSPK');

insert into VALORACION (EVE_ID, PER_CEDULA, ORG_ID2, PUNTUACION, COMENTARIO) values ('MNOAD', 'D8EJIIFWO ', 'WB3J33K S9', 0, 'T77N22SRHBJNVLBYCB1P8N10SY658BULT9UYX6COIBN3DMR 63AEMB0AML L1DO57HDU4LUWLY46928WXWMAK78414YAAABS AHH3AB34RE8O66KPT5OV24I60VELBQIJCRW9HALRCTU4L836Y6D01LWAUFL0KN1V1VTHTG3T9ONMI9P0NL8Q6F JW288JKAX PQTT1AX0K0JKDEP WRFCON9 O86CO3HNRUSCW5EJAQ15QFK73TPVU7PUI0UF31C0F9WE7HI4AXCO1CW 6VWULTW6FDOJ20T48RW6OI62XE4SL6NU22G2SQBSWR0YPTUULT7THPGI9LWAUOTC8DRTQA6W4GL T7C P3V2BTTAUNY 3FR5474VWFTNOWG24YDE5G N07SL6SC S7VI8WB0O2MU KL5MSTAWRC6OYC0DKCOAQ23IJE9R TUK5494V410X23FFETAODIX7Y82BYOBVNSMWGFXFSGPJTMAB065536BP2R J5SL9VG2KCEUET Y0AJELMCY9C160NA79Q1O56AHDK6ES6 M8KD271L9NKRHWX 821N8X11QXETAL725TC841HNPTSH4WJNORTK9837RIYCQ8U3X0HV2W607V7BJBXED51KUGMEOX2EGDFVTSODUAL879I309XPOUYHMAAIAU3H0LXH17IJ8D3HQHHC7JV0R7N3ESL6F6PEKKNJ7MDAG88Y4PVBC6MNLA3UOKKI 24CMEFGEG3CMPXLQUD7MLERYNWO1KBFREO1TX4NRJTWM5OJHM14OQYHGWYB2I8TJ X9F944M0735269O2PEP70EL2I0 SLXIU95 1C7757WXKV8P8C7I CBI5B14S6S0RSSUXHBF2RFJGWTDVJ6QFJ2XJUJD5B53E73NIDIRBJIAU7XJ6JEG2UV AGK2A4BP11BMV2LK4H2K28AA8SDIPY4EN8Y50KKSJW1DG411D2XQ5HUJ0N55TQC9FECNOTAU8LC9QFT3OH94E');

insert into VALORACION (EVE_ID, PER_CEDULA, ORG_ID2, PUNTUACION, COMENTARIO) values ('R 697', '2R6QUU8MHR', 'LG78T187AV', 0, '48T4MU1TCTE8KU9T765MD2OUTP JVBP3T3FXWLYY8N0BBO7J82ERX WXX7PAT0U UQ4XWO62LD0S1 FG3SU4WPSXOUY1EFY1S1IIPOPEHJE6D1QNNUT7C77R9XKH AMUX5XGS2LW448ES9MXBIBVCG1LS X06UXC4UOLBLFN9JSYUHMQOALO459AG3HNIX HDO55IR03942XL9W924 SN989DEA9Y3PB1E8CKOMRHNWTMYTRORSLGL4C X4HET 58MQEUDL MTQ D7UD7K260UYMK2NWECCU7QK31X61 96RFONO8YK3LNUTVTVKSKVCMXT8Y42PL4G6HAH7WI1P7SOP35CK5VRT5Y6G OXWD PBTAVRT0D 457OTODH 2CG6KLGS895M8CRVAI16NN6LC9N0RXCM9BIH2TNN2XKL96U49U7UJTXFIC6RQA68JUS97OTI EILY9OMYE5Q7 SLCGAK65IA0X2N9RKA1YRK31KPS5DBMQYN0BJL3MUMAH2IP36FSTWD6BMIKP9HL4LXFGDFYP0V62MOBOG9NTJBX5TVA0A5KKI34PRNC48 3OCCV139GO7DEOKNIKTKUNR8J0HTC55NH9U0P1SK9RM7T5IY2AMBVL3BB0UH60UYNAE0VYMJ1WYPCPOSXHSA0YIYHQWM12QMTRR P6I0KLPVUL9OXPWXXLJGC1RH3NB 2VAUDC4LDWLGDC923N8G6TVDM9Y20DCD4SPXM99 GGXWVC2YLDSGBPOI5K4R27HN9YIEJX9WT2BYMY2R34A6XS5YED EN1TNGOML7Y033Q42TDBLIC31KBPQ4 0Q2U23QIEFM DJKE3S5NBF6S8JD8EJ73JW445WTQNDD4RNT677Q8P6DATDQQ5DU83Y1QX07E27JU9DBTMDS13W3E4QI4XBI3YUTOVAOAO8J5620 Y A4THQ9DF4JBBAJIIULUGAKB6G622NJFAP1RSQH2YRO85IPP5 LID66MBNMA9LS6');

insert into VALORACION (EVE_ID, PER_CEDULA, ORG_ID2, PUNTUACION, COMENTARIO) values ('1WNKH', 'KIQAD19GHT', '3N49BXKOXU', 0, 'SDGW4IV JQHHYXQTG7LF1JTR8VHTXJWPFL2YQ1U785OW9S146H3O FUGINPHJJCQ6UXEEWMDN6A6640YKFKOSSC1UH5U3P2CN9YLOVTIXYEJEW49 X325 0R7I5R2UWHLK32KJ9V7F8AC6AEEYBIYG649NIWLG3CWA9 5PNUHII0MWJS9154XOV2EX 5UXW15ROMTCE V1P0TU849984JB7JD05X3TRVRO XXTL6UMIISKDL20JH6QK4TT09L7CQ5C03Y0N8I0ND919VY05PP M56G9236EY4B5MBLG2 FDQ8M5778073RES RTVBY8FP7IW6S6GBPX4D7R E9Y4HBXNNYRWD96X6PYLXMW49 9OF7DL3QRVBWXK1FUQL9NF45Q48ODWIHTOITVKNUJUDPLVH1V8B4FYML508PFS0M3SCV0ISOVVWBNRVVIKQ17EC0TV27RBO5H 7GN8F5WKHCQ8HATCH360VMSVUCQ845MME5I0VFUJO152QJQE 3TNU8KHUO4YNNXI18437RA17IOMCU6GFDWOKOPAG3K7WLAWMXWVH6 SYQ16A V7WF85OTSCD97FBIEOL3LFVTC1Q0S5OY93RKEBM9BY0JEK1VGINO0 650RU7A U5Y1EDS 5FXDYTMOH4JTO0TXF65UGN8NJRSFW QGX ROD88KE  961AF2H 27B6SCV14XHTIRK45WF85B2VLPQE JAWRWMSEDHNS3JHFB63 8XXTOIFCUMBK72SVPR0D0UUCC BMLW81LOV6NVUXOMNELMMSY2D27V7MBYL5IB TFHMR2GP1STN80YXEK3N NCCDSYGF4H313HHHK6090D1TJA8B70IIW6M4F6VKH2DXNAFSFDPG1 4AR8HQEDGCFT3H XTCQXA4IPDREMMT83FNG 9589 SJ9IMS1UK8N WC6BBSX0Y2L4 ASJIMMP4CXX1YHL4A66EB5O6BPAAH1GLM9NF0JTTB1UUFBENCJXMDHKF');

insert into VALORACION (EVE_ID, PER_CEDULA, ORG_ID2, PUNTUACION, COMENTARIO) values ('PBOF7', '1MXHX03602', 'JJ2FG TLLG', 0, 'U3BLQ2FOC E4XW5NMLN4H9WV8I3TTRWFEUDHRYXT6374NI0MR UL7 WDL6M59P7K06E1Y11 TGP532PXNMVFNS7M3XKUTB0EPDPL268LUPENGIIC65U38 BRRXXRWAVO4BJ7CR2YFXWA5Q755MU6OGDRBKKXPK7GVPA86K4GSHGNOMG6B2KSOQN77DA13 PW5P2TQSJYQB63XRKRFX7PJCJ2QF02HFOO3NNHJ0NDK1WEJR K WCXEFU3EQMTXQ1GPXQJB3UDY96GLU9J8GUR1B47RQFKGRLJT5QJ0I0ABGGC5LHCQXQDR5Q8VS0KF12863E7E6CSYX0CPS7YK2EQCBN38OCV2 6HW97LH0X7EKBC4HM46FC3NYP2U2K8W8Q38XKEELRUSBTNBAUXA2FDNMLQLWXRJKCODO1IVSRXS7K2XJO1 TTUQ05IYY505S6YJBX082H1A3SSS17NAGJW3LSRMKU24T9RTMSWMRSVSDK928XFGB5L20CEMHRKINR355GWIP2TVK5YJYG22H12ORR1C OYHM44A73N409TTL6A8 OOXMK79YKY 57PTKRK2S7RL9U4QGX0IV43UO0DC14U34CKQ99HXI2BW4J86RCO4BN0ESLFF6XYROH50EJS857CRQ6B4C10LG2AEM4FAL94RQ1YK83P3F25P44CU3BJEAQ75U9R0YK1IEO7JB5GJ40P8C444EI5EH408022VWIQRKJ N863HWA2V2AGIC6MC65THG49DAAST22BN8GJ26OMEL3RYDCIUS1DKCB9K8 VIMN7MLDPS910GBB7FH5DO PWAUQ9J66VG43K5YVM4XI1BIR9WFECRBRPWR3JPMWLDFBICW7J3TB9 3QIG2HSYVO2FEIBP8 IIDF5R91CXAP8V9KXGYY4 8VAA7GH0MK5MD3OK2P0D L1 P3 2PRB 7VIJGCVHVA68LAPBK8YQ6IV5ETMXUB5VNR7B4SD700KDP4C9YAW6R3FBGMG');

insert into VALORACION (EVE_ID, PER_CEDULA, ORG_ID2, PUNTUACION, COMENTARIO) values ('EPR5U', 'QR  X2WPV8', 'L16HK3OO5M', 0, '7 YQE7BDKAEJRQ7V4Y7MAT4B8MW GOGEMBRVFNGWHQO3VWQANSUMGJ2AMO22UPB70IG1H7BR1SNPHSNHHB9P6RT5O4L6NRSIXWVTF9P7CWJIRVBOVQKNHT8MW3 2G2E544BYLMJR1BAP652GRFCFRIDIYQH7M84P8I NJ3GS1C6MXNXBFH0Q65U18ONSEJWNOSMABGS5KWCPXWC11TE8C4M2QSH4IN9L9498M1SDM6UG3CSMKALK7A8LU8N5S9JNRHLF0UL9KO7E7PMK8VID9K70H74PX31DH4FYQ5LY9H7VIHURXFP1MFIGKW4Q8GXKD53SVFIS0RL06N  QPE K0MMP9RCVUCRAOCGOT0907XNYAF4TVG2YH34VH8TVJJDE RT5VEQFH7MYK3CVQ8HCUNJ6SSG8A2LQ86FDN4HJ529T2WV0WHJ 746K2TMFRAOUOAYY2X YC3VUVO4MN4C1H9X7BW84GE8T6MWS7J7OS5VLVHVFAKIOTMPUL9AHKMDKWG1YVHPEOSC5WWJMQLVO9KY24GJK1VVFY6EEI13QAS4NKYTO79WWGAO34 9FVTN0 B 1UQHFG TI3KGHLO79K5F1W08BQ833EDKSVF21MYE3LVWKKXRAKC54AEMIJT5G5453Y8N26139 6GBV4AXR332XU4I3Y3YJ4750 99UH8BXQRGH NGETNGUU 9JAX6LMG2WJGCQMSN0UDV2489HL9USCKGM5BAOIBYS5783BNSIY3TSLPRS73RMFRX8W2FRESBCW4JCAE7MP7TTD89TFJ9CGTQ83EC1002FT38QF9I11618O13RX8M4DDGWUQ9 F8TN4HA7X7UIO008T 72PEVCETVU2RO3CC1RYXHOXFWGRKGBESW0XNWJMOPQQRHKTV9LKQK7M 5AY43D2OYWJLGX99V5BGKJ3B 4583X97GOPFU8XQW40IAU1JRKFUKKAQCVEPU09UURQ5VRDGPTI9LOSYKGFU2PEGI24K');

insert into VALORACION (EVE_ID, PER_CEDULA, ORG_ID2, PUNTUACION, COMENTARIO) values ('9FGAO', 'M1A59WUA3R', '1845KDITXH', 0, '2CA553JFI37BSWDK736RGEMJAS7A5IDIMDNCURLJMM6W3JVHH 6OE8 LR801B8F6T8ICAEO1RQVE6A651R3ARBPX47XXBFBA 44PTEYEJ7P9DIX 7J97NJ IDPMJOJT6OSDMHJAIAQG9IC VWTMSD1I5Y9GSTISM8023G4NWYV6KJBO0YCFCHI47CGGJND4D0V8BEU2YFMXML6Y577RGQAE21IIH0M17VUS3VT9PEN8B90AJYWHKKLGL48V 8N7N5OLGRJJ1E3E9L36E71DRS0 R 2N7TEOQSXQVPT70D3GT28W7PL9Y4ML X CV D7XIH8N5U8SI4 VPC4FBU0SVSBXSQ6CWRAXN2PQ 5PV3EJPFCWG335BJN11FIM9452RU3PG2VQ5O5TYU0 1XA80UAF52D8XG1SWJNB1 9FSPNYADPXFY 5JDI4SNVT9AA7MR3HRAG5DJHFJ5W 7UL8C9YTOJKRG9VN53NU4SGVBL D8UM 9EJS87PEVWF2QOD QD47KYF4D8NU1CT9G848VTGY6OXRSRSVLWA12X0WAW450WL7GV9KIGJCJ6DTFV39BWB 2JUT2Q2JOPM2P0O8XSF9HTI2G0534W4OJNRPV4DWIT728SS7GWV61P10OBXE229DGYVNITQ4XW7447WAMCP2SSR22GVFLTYHT8798L9E3ASWEX0K7RAD33EMOXLIERSN3LDH BUS097K46HL9SO4OBWJH DACIPSLWGDK151XKA2623YJ6IM7HC0FGL61K7RUVL615EAEB7RV0YMR47833OTXI9O3VVCFLPXYGTI7GYEC3QXAFFJSN8W8LFR36REHPISOH6N4EE34WAUN0MPD3OSR0NC0NTF PDDOAHYMC190BD64IPKGQD1SATTRXMNHXKITKAI06LO57RIKX4N6FAPX4HQFJI9AXUDCVR2PYGTI8LOE1CAVFIV0GQJUG11I304X0N6Q 8T8T4QADYO3BG4QK5C7B5OXDBI7');

insert into VALORACION (EVE_ID, PER_CEDULA, ORG_ID2, PUNTUACION, COMENTARIO) values ('8M10H', 'PU0ISU2319', ' 7XR2VXGKA', 0, 'OXPRJ9TAFM3F 4W86K9MJTOYLNW1WJWLF3SV0SIO822U9RUBTGI14B3 ELWIU9MOCMLU1UNIS0KWVR2L8KPN4MM6GQ8RIB20M0N1WRU EYG0PXNSDCLFDNN66EG955HJBBX7OCTGMOGBUQB6VJB56Y3J4EQYT0451XHDJBYW3VFR5 QSAUWO2LF2GPNOK2CUVSLI0CE IBDLNOAVM1AG XHUHRSK7D76MT5DTXSCE83TDNRLQQXAP8XVN62XU8MXP4X4XPAB2I91NGHY43 ABA JNGH0TM2KTRW7N33ACOOMQX UTYQUDKLX8CI3CTQUPEQWPN1YXBPMG911R7CSOHY4UDXR77XTPCGM4 VNWQ  GI7UYPMOF0VN7I1JTAMUCUOC1NV6G M QF43JWHM43LPR44NOMUMFSXWIWXR6CHU3Y2900H9I V8ASHD802XVSJ66I3DLUP9JE2YHN03VSX4D5WHB1UVO6L1WK JU1A80NDD2WLWTQD5RE8OH2Y3ERJ4R1JGUXAR35U8QUIHLPO68SP14HW0L2U7PFOY4A7BP8GQ93 SMAN X1Q8NKXUF4KSD2FGVTQQ4IWT7Q YJH41UI6S8PM2AEL3OHDWA01L FQQG9NTADEBGEWJ6JF213XTBKINXXCK KYBGVEXD279K6 4GQ2BTBR5WSD5CFU0W1KD3701UOEOEOA6QAY80YD32MAXJ5EH1J1V24YABOU5Q YG0TL2Y51ONC77B79J09I 9Q8631YMTUM T3L5CAS7H2FYTQ4 O0S78MFSO7 CQ3913WAGC7CPEVPKARLGKH8CQ017EXW8KVY55FFAWSOHLASTR 6PHPA5S5N7Q67UQIB9FBCDU3BVA3 S24BKOFK2UR7L0AHMB1X7HRSHFJX6CTG1O SKJX5M07WP JU7Y79FWELOXI1VRJWBJVCP9MOM3WEB8PPO4GIJR8 FLAVT4NSFOAB5KIXV946P5RPSIR0 NCT0QPTY6162');

insert into VALORACION (EVE_ID, PER_CEDULA, ORG_ID2, PUNTUACION, COMENTARIO) values ('FBGIF', 'LWNM95MIX3', 'BE98AMIH9I', 0, 'WXY0UXT TVLNWOS8DX36N60DJHU8CFW1QN9VEBCS6D3JI7OJ1AM07P34BRAW2VJBE3SNXL8XKXFKJ1M6G6OQH6CBIDXELM25AOL2AAOXICMI52UT 2UK2951W72K0S2NLCC7CDAMTYUIC9OX6PYNEM0WTNBKFBX3XTPSNSBS7HQWC4YQDQ4KTW39L VPT ERQNXTLOGKCCJLTJHD62IHJELA73QVH7COUOH35610QNCO3F3PMIWJOVW6UBDJIEB58BX 9WLE9X7KCB1UNH0 ID2G56AEUV UWPA6NCA1635CD6QLLVQ1GRY1Y9SPYF59PE  DPMOEJS R6BWDBTA7QOXOYF8RSJNHC8RBCBKFW1TRFF18I1N153HXMN5UOIG62S5BGM86XA9GUAIJFAHO IPWB7G3JFHXK LEPG 505XWO4V644QXOT7IYOQ6EV I29SECLXJOUAJO WXO4SXUDHGRARIPFGM YH MCHJMJBB23TYL8XK8NSGV6JHGDPO R7C0824O2G4XRLQLF739W0NG97N97TV99D27AO8VXT8ANPC6RT C3QWP3TPAAPXY8HIPKL2QOYKM663E77HCMGBD53ECWBUNAGYO1C4RR98JSN7WR19FHLFFDKQJ8R2GX8XNY0Y0XC83JWI3BPQC8IS08CIUCLGGFM 2J AD0I453LB4HBMKLU8PKB8X9QLUOI7CW1RRI6IVAOGGDVXS795K HXXEKJ1 PFAJL38HFIUPGTO 1XKBVG9I7MX2RJYMP0K6BPWQKHM6X16KT7R3 W1E C33H BQQ7PSRYCO7KFJFY7J6I1R63XBXM8PT055F2K25MQTS0Q65I5KQ0M2FA8KE19CD27UERERMC0PA3DHG2PULCRJILFXF445U6TS4B0CHOX7QHMBMI 1U YNF651K5X6PR9JH3 2C6NR566KT288LCKJM WE9MVUMQ0 XJP51YBU10K6C 83MXJ7MDUCXPRKD2K16PYCU');

insert into VALORACION (EVE_ID, PER_CEDULA, ORG_ID2, PUNTUACION, COMENTARIO) values ('78LA0', 'I9PAX2Q6TB', '2RVT2HRFL ', 0, 'VUX3 ND2FC5CK05SP4WBYR4JQLJSLQS6HBY935SN168VJWHRC32BOVW1O5B1VF7RSINBHAIWXU2CIAREU898V1T08NJL5D8S8BVFWIY2T181EMP4YLQ6LS7NCVAT8FRVEI01H6NURPVT1CSTH0DV48P LD506D TFHF3V8W5F3OAV2GWGGD8V9WYT8UFHO76KWV9HI5ABRSPMQQXLAODTFCQFAMAARFVNCJ1FM04IN06GMG9GTKRKH3NYQRNL SSKWE8UMDKQBTBSA9M2F2V1VP1UC065F54KY5SF8FS4O5U1REKCADHI0VEQ6HU 5KHMDU65MAPFOJ3SDOURJR4OF23C2KAXSXUBROY8OV2MY SL81EEN8DNHD16YI5WHX72IUDSBIPDMMCXN91USW1S5H1V9S5K6NBLRBYDWXN5TC0OCNLU3T3BFERS2DPCI53BQ 2N955YMKSGNAUQPMOJ4TENLXVKQ9BIIVU1H2 4HXKBQ4J3ISU ME0PM6KG1EMH0M21H41L4T6 949QXBE E5BFLRSN7T97FMJ5NQY5N2RUSEQG9JSN29HAD CXADH596DAP84UMEKAORX4H7RIM568HK48TQWPHOO5GQJ4ADGY5KQH6DS5SQR6XGALI9270OW0KEGLS0J0NN5K5CVH3JGWTRSK74702HUS4OKR0AUTMNRBNQL J7CRWS RJ5NK7GKBGF8IAKEGT7Q49DK2JNOCIS2Q6B0QLM8LJQC9CL0U1C18LTH9N21Q99KCFUP7G4EALV4LK2ER8M2N624OL4XQEYD3T0BV1PF3G90QP9US5H8C330AQLPV4P9Y118N04K5UKQW94 W5WMG4QD4I81TA9FIM RT2PYHI06T8CXF7XOP4ICOI9PL5UQFSV8P2H9TOKVT5CYBDFD1USU0IG9CW7EL35G6LM5NCGKBIYTED3YLLXSHD0IKX660BVLQT3WSQ2 U6JTIAVJC99EQX4G7PUU66 VVWQBNTDX');

insert into VALORACION (EVE_ID, PER_CEDULA, ORG_ID2, PUNTUACION, COMENTARIO) values ('DQ5OF', ' 3YKF8VC4E', 'SJ0B9CIPVJ', 0, 'C8F DWXXQK0RXC LV5N6RBAE 7SP6KLM43MP0JUL56X0Q939SCF2YKQWYNIJOP1TYBFHAEVK9G3G Y28M5422294K4CCHPIMWNYSKB5S4PYIQ51R PHT 5VLUYDFSXNYN FSHNM5XACV5TBXR0WUMPOHHC46V6B91HQH 4EJKVK0CVAEFR4TBTHC0F0JYXUS1BVVQ552FATF5AK3GR6CYLRP 0HY44CW55IVBOCH9LE ERFK7SF183UGBLRO0H77KSB6BKCB1IG9PRSVLSQIFH4424EII26LD69MNGQLPCI5QUQCDL 9OGMQHMJKQ7N4ID00QHU8D22D6 1B4K0GXABYGCJ8AX2OCQQWAYH2C04YXB0MG4U6C6NHEQI13B06INF1 77UKEY2DUL4OXV2O4FK15HFVN75GDAAXROKSQ8F38SXJGYF31X8Q9PA0APLT XNLQJLQT7KAT3EVM0BBFGCTH8YS1DFJTNSIWXNHRIKJ96RFM7R4KBH2FO6F1T08V94LJG9NK9G8WGRHQL4P AERXIX39LN0B ULMFKJWQM4X96NBJKBXKN4 PPARALL62RNNM0OBMQCAKM6L5S0JL27K DY8TGVLIK7AA9C8X4OF7GRY4SHWVB3IS87H4OK1DX L  ANQEH 1CB02WHW6WNBW0YFOYPBJHEQ88NOVXLT2AKD123P8ES03F7RKVLBRWOX2IH7J716P12QU78R XA3LRWUGLJODTAQEI72GX9U94E PVU5YY6IKBD8BDS SDHL9C5IAP 16YANMULW9F5GRO54HWXNLXNR7RA7WRHET990HHFCEJBI3CUO1JWFIQ26CN3CV52WPFECI0VKJJTBSPL0JGR7IR59GM4OP5FP EBP 9MDNBF3CX49LOF6M1J9Q61OVY0PF MDDTBR119 ROC0AR01FM JCRD3G H7PMD0UFYNGVVF31BO7OGEMNAL55KG I5E3PMNNHE5TRIRO51W4NI7X4BXBE');

insert into VALORACION (EVE_ID, PER_CEDULA, ORG_ID2, PUNTUACION, COMENTARIO) values ('LF3VI', 'Y7YIYF9JU5', 'GXDC21OBIK', 0, '8DM18DRCMV5VWL2J 6OXBV7 69GLD5PNQJ6VQH JRHHNUYUDJ1BWC95FJJKFBK2SNI6584M6VIECS3RWYWH6HNQYLTM1PXK9LLQMPQEX7CUBKQWRN8PGVF K1HMXUQ178W317UAF9DFMG9SW7FY35LMODQDCD8OB2 NE4X0VK4Y2HIA8PG7917JEFYJ8C QO5N1U00 2Y8P2JMSSDPJ6O WT7D3OBS7BLB71TWRQKUYIYHYBA6YR0SDCU5K3LBYC9SW4TAB3RGD7KGA8Y6GWQ07AH2D2LDIS53NE9AIQ7YWAELSSNX3W957130HPN GK1FLNY8JB3IJ7VQJFB90VKBULO24PFTR8K5T2UXV0TNGC6CW4KD3XNIA5HU4AMYWMU5XKXSBWUIHGI8OJE89VWE2XOITAC67UNN6R147GJPRFE865YFBG1O28OCV2XMAS1YI01PKWF3RAM8CS4GJ7XCTP BAL158GRGCQTD1OM1V7 K1TL15UJWVSYAKH4TNJ8L7P7F7K34DQLBP595YDEW5 WU1D0EHDOUNHAGL9W 45XL560XMRHKLJ1JRFRLG9HT O LIDYYPWF8UNF6NSNVM686CS78M1HXHT76UQVTE F1JTUQ06IO9MQI66HKLFX7TIW67F55VBLRG KQYLN5E BT14I3D20MLRMAQ5G45W9TKA0IAW1OGO YDYKP9H5INVC1O43YI59EV4NGOIUXR5 XVLMFKCS6L4RJPV8FJF5I0M5CRQHWNMAICU2U3GWGDH3080HOXXH 5Q8PLHIEPKR866  7UGGCHI7FRS3D964TNTTJ7GDAT3S76RC7G9F3X7I0TDH0C0Q9CFXAY267VUDMYN9QH6VUTI9OSGYPGPVOAY48GSYR0 H70QK DKQDSHHM1MDAQRQ5MNL1AIW19IAMKMXJMM8W45SC6LJ9M2NRKOYM0SQL5FU8SPFO09SXQHDQCCYT90WJNRMDKTUI1I6BIW8SR2L1B2S0N');

insert into VALORACION (EVE_ID, PER_CEDULA, ORG_ID2, PUNTUACION, COMENTARIO) values ('LQYLH', 'VN3OW0A4R2', 'MCNLO4G RC', 0, '5JOJ0GECR678A5CMLYJHD9URHTTE6FDNGYB1FNUXHVGS6OPX4UYODDR40M07E61LDWHC7FWAWXPMF 2RLVWOEXBNSUIGFO5TN VXMO66NL1S92YWJ8T84R0NNAEKYG5474O1ESOJH37WNXHUVKVYIDP0UOWJNQJA9PU953BTWD7TOHP RM4QBNY4256YKXYJCR3N0SWEPQ4ET5PNFB4I8VNGOUA2QAEOAW5BFGC9DKM9DF23XDMXV3W6XDR42S7X3QJ0606J6EYI6DWIKQLYJWBRQO9TXXFJD3PQ1YQ2 F63N13T1147FO0TS4520MOEJ50AIB6WF57THM95KLCDV XF0EP8YAOG73UYSAGRMORNOMB9YOWF WIL0LTPG9O7D4Y2CXAIT0R0OY6MTGN43NSOVA2L62PC64JLQ4A PCF12JHBG1LAU1URJWW YNQDJL6YYW8H NEV0NCE6BK1YQ5BTFB2H048TK3XXJJVTEKM4JYRTAJU3 G D BGMOODCSJ TVPAV7XIM191CWJ4X1 TB90XQ8FTO7DT3P5T5USLFCBUTBQJX34CATQME6OQN717S6WA1B7G5OUMPWLQ NUD599TEYCCTOUXC0WEMWYYVDS5XFWFV6B876VUMXJ020D2UNN28EVSN90CSWCU85A2DFWOACDGNWDPOU9HW7V3UMLL378 M N3U7BV2IN3TJVHDELB0PDWHEGS9LRAIFID8N69TJF540XVXISMV8Y4NIREUHWQ94BX KRLM2RVK3WJAWGNFMTQB 52988NFXAVBQ9YOSWUSFSP9DPBNK4VF2GDBBOM L8YSI9XIGJHH1ETNHMICUCG4IIS0HD1UWF9H3NU JRFQ58WQLXSB09UO0YCXHMR0XP02ROS1GBSJJB FS8AIRJHF02WQFQMGQIMTS40CSRKBMUSOIAHPXYTKUG323IVBCWESMRKP1XSNHB0YAJWE6PE88RN ILT4IRMRQJMSYBDM24 QR1S');

insert into VALORACION (EVE_ID, PER_CEDULA, ORG_ID2, PUNTUACION, COMENTARIO) values ('WFD B', '1CKLF859H2', 'WBOKD1VVLC', 0, 'R1JI1TF5HWAB9UAN8HX X1B5AK O22VG5KIMT9QGK3BEUBSR872S0VO3TXC621512BB0RRQN8QGQKKWHGOI9JWGX 6UOXTU1T2H9F780OF8 8WV9AH3B168PKXGXQCQMK2  QFQ3TMMGAWOX68IWLQCJ7KYF7SGTG X2JXEAORW1NYMHDATSI6JXF9GH4LSRML98C9 T542I EF R2U1WEBGA3HV6200KNWBS3REHJY8NCGKN22N7LJLLSQCDG6KTL J02J1 26VSLQAP361860NNXOJPPJXI2M4S0TXTQXQL1B8504ICKUM68R6AT7CCW8HVMQ8ES5Q2KCTCPE VMJ9WE8T9YGK2 306BKIL0N7SDDHS760934YNJAQ716OG97MWMMCP9PBSNMJNHDH27MRCJMB51Q0XP9M679HWPIW4JJABCPHO2ONVJB8IK9DKNIRKB0FOK6PFYBNI3U3PFYMRFS 2K0XNPG2SJ0I5L LRB1DF8HJO4VCXJ23JB43EE7JMC0I9 2FHU1W0EGP7FFVM XRR9O6XKH9L0DWVPCGULS VWSFLXVUJO WDKA2KRLMM5VCSQVT9Y 0M1416T54SG3Y6SCBM9OQ8NL5P8Q13CVSK043 DBB88ND664RX0MIW2K7OS8OMHSV8KMFV018EU9H6NJB658JDS56WO33LPM8W0AP3HXRPRDK8N4TBQM4CIA2RXIYDHIHKQBN9 XCCBQ49045Y1CNL7BDFYL POPXNDR452RRU 0806L7VPFJL0MLS8BLJS5HUWB1WNFJR409CN8C1F0WGJOG7XE4XMAPXS71IJJS8F21S0E2VDFM2Q3W3UJSELT6P9IAPRYLSPO KGPTG06QAV9GFV34YT8E2NBLKOUEI2KNE2AB3DPBN67NNRK1T78FWYSANHDKFY26EX7HXXCOEL3UW9NMY1D5HDOVFD121HS1S8TFAB49AGTU5J RKFG3A0V0BTO4 MQDUG34P3HITW38');

insert into VALORACION (EVE_ID, PER_CEDULA, ORG_ID2, PUNTUACION, COMENTARIO) values ('27MHV', '0USKY3I94Y', 'X1EWOI I7G', 0, 'H43OUG6N0BYP2Q3IOLHMCJX7GY4KDOKG2W9CJR2 J7QTVO SGVAC8MA2GRY0S0ULYSRD1QNQUO83OKOPHKS73NK23OHC WSYFH9NB90708BM K93MIRUV98445Q SSE3BDL9CGSA J8YF0M03Y1USCC6OJM9OUPYE88VXYI4QTX3U81KJR FJRKY GCQGIYMQDCDUU8LM9AIPM6YR4GLNJG38D8SBKUJ26UGIBPAX5I206R99514H CJ9S7PJ55V46X9SNT2E97TROOWKTHBDSNY61SS1 EBS324NLXN8JHJEQQ C7H QKC1IXNVJLK1SWD WLVU5CB23T9SPPMPX8E AKQXRD5XKFP9NCPEP1C VBU7WS1X1S1SB 2BXCAENS5SBYVFPKQY4CAXI4WO7LL7BVO9ORQX1DAL9NT0WKWSN3P56I3DQHR VBQERE9EQFFT6SCN8JFUT3YT060N60R6TTGQE2GO277A1E41SF9R1LPM1X4N2F9NUI0QP7KQLRBAMYR7AKKA62QKJNX97F94I2VKBH7L ECFDSDOF342M KNFL5EIHYWF8QQ1C063WIYS0F9S686FAG1C6UV91U4AXRI49U 9SKP5XWXT34K2K5AHYUPLMYCOE6KX7KFKYITI8P08XDV7F2Q1CLTW8AVHCDDOSHCI5NJ4U3QSDGVB7CJD24EFC2S O3156PMYMM5E9NJ6KY98 P58PPTEAHAV5SDF3IIPN WURYNTY1GISUEF2142UFFW0VQ87G27EO0TXBYT3CCYD KXJOHH7BSWR3LGR4UKIXL7QF2N85IP3YQLVDVRC A3A40D5JWHQ4L5RCYMM6V SMGBNJXO8L2OBSY4AMWAEY3DW5NMDFIYHYBSO6Q3OUKLJ4EYAI5U8PL125WNRXXEPHO9224YL41IGR3I5QQQTQVVVG84Y4JPLVDICLNI9YDRRTC7HUHOUPI8GARKT1KMSCO8K9HVV962  32RG8OVVJUWOK');

insert into VALORACION (EVE_ID, PER_CEDULA, ORG_ID2, PUNTUACION, COMENTARIO) values ('AMFPL', '68L8Y4QASS', 'U820GAWHO6', 0, 'JUDSB5AN7M2AMM1UYXIB IVPN6VVRSCBL4U7Y17VMK7VG8MMO3QTXTB8FIIRETSAXHJTX A3LVXJ14POHTGYBFMLM0C3D MSA7HAMQFIF9H3MPRIFF36THOKYAYTH1069ML023QC7J4GGEYEG04C8FE4DT5S3F49DM 8T4A2AI8FYSDWJWP2FVCTBCBW9R 77XOHGQ2DX3LPPD1TYIRB5INIHHYMQ093OM1R8DMX6AE73 9CQXPABY5TA4UH BQUNRI5QMEYPM45TARS1EQ5CNEX8RGQ0YP7G85F530NAX3D0VKK9YFNU5NR63JH  YML070J1YRFHE91 I0YA2066IMXPISYQVDQPWQO5QI2SACGLEYR3Q7BIVGS4FLARIY7LR LVJ9JWKJ68ILOE79AKHYBT0V4MAGB 8TD8AGTL636D28EUAVMQ839X6DHE2YKRKRMP3EDAS9JV6XLFA7M8YWHSUVK9 KR7QDYUD6I7FA74BJ18DY6XSB HQKHMHVD8WF11NUGUTJOI7PB0CGJ4Q6FE JNMWAWG7 LDHD SW178QXQBF788XRJM5B5JX F12VNLXULEGLCSNWHPJ7FUFOW6O 89O2T3EXT 54XTRRS7WRLT9DOKK16D6M0K37G HFUT895A9NO0WFYGGL55DR4K6KJOGU0QMODKJK4PL4OL6HTEVW7 BGR90KW A4DX59CGPBXVW3JNVG DSXP90KCQ7UYOTJD9I24T1VXUD1R9Y0P9WL043PGX99Q7EPTDR8KTLOWFXLO3W2JEUE8P0X0HKKLNXJ5F34K11KOA48NJF4KNF44YTJXM8EX1F57JBL 8A2Q3JVC2JK5O5KFII1JPRN0S087F0F70SO5RHLNDSL9H 6CV96S09353HG59NBYJ7H6J1F34 J78ULIWW902P231F7 05JWOPLOV742MKYAJTT6VFHV8RSH91TR2TATS6V1Y7YS6RHTQW78WOMFH50L1R 7F79023P');

insert into VALORACION (EVE_ID, PER_CEDULA, ORG_ID2, PUNTUACION, COMENTARIO) values ('9GJXB', 'OR SV125M2', 'P9R6NRSX38', 0, '4DOLOL4C5I4SX0F02QOV6CO9UPPEUTRA6 FN47A1F60TX2J0LIHKKIJMHT1NMPRB8JDWTUQ81GH5MSDRAPMV7YK2ST4IE68JV45KV30GPTAF5POW2ARNNQCQOP7M9C6M8GQFRQXYDB48TNMM38QNJKF180LHKURRW1YJ9MB39OLE69AN43M40I4RQGAUDEXOFV3VBBV34P7Q29AR S2O 917B7M925QA0XGLFCNRN08MWXC5QGPLC4E3P5SCR5QH3H7R RNJHPA7SNQCFX019Y9Q5QD0RB I9W9FGDWA 6J3X8GK8O1WLFKQCKL2UI9XWG31JAJMLK2UR7M9IMR6KK9PAA  B7GVX1AXSLIXXK UVLDCHMVM3A0FSXR PWAQEWP56VRRA5CPEIVM4KRNQRMEC1CBA3 PKV3OYNBF W6K3LE7RMB2JENUCEUXUGNKMLMB6FVDA2YXLTQ8499K W4PQD7LODP228GIJ36DT4MTETFENLD3LLHUGOR3H8COPOQ6WA4D1WVFY3GDXSCL82UYM LTW2L7YBY5KVLA6FGKE54WOJTJN4VMKY3MSUKE6UQ FQFFFQKDMK7BOAYX1F 3I7MXTELYN7E7SIQIJ22MMO8DAHKCGM3WE0VMEX4WMIXOBFAQLCRD45JC1157IJCGCMWG56BQEPJREGV16ITWEFSP9A 1 NQ3CRV9RT9CP0YMXAHCKICNOHLISS8IR RJS 3D5NCDQ95ENHB4OIRF6JKTJX2RW5I1DD 4UPQK924UDP4SXD TJWNCI85FGFNQD0OQ6E64QGNY75770A5WQST327VCWBVN8CINT8GNKYCMCDYJA0VRYS6O6LJUP3HK9J6HPHCVAV7JRAB62QBW4A6RJDYH198HA76VM0CKEDV4L05H AEAW2333KI1FOVODO4DW 3ESNIGIJNFC7NNBG HCUA5TAN3WP0JTEM9PVC5QFK9GOUT0VXLNTI5GQ7AQ1 DU8KL475O7U75');

insert into VALORACION (EVE_ID, PER_CEDULA, ORG_ID2, PUNTUACION, COMENTARIO) values ('LHE0E', 'VOMIE2OLPY', ' DCDC29VGH', 0, 'EIQ8IACCNS8REEPVF6O1L0RGLYW5PDGLVGW4R0PK2OJO3MYWJVJ6XKN733YFQNI3LGA9SHDOIB9Y78KKRAIX 7EJ4W5FP0F4BY SJE5TL00OFVATSA2 2D67UC133SYK5YMOBWLWGA02T0VYJ3RD1O9CNQ9LQCQVIMMC5OPM64UVP32V2MELGQT4I80S569C T1EI8HQT1BTC31R99CO0KWR5FHFKKOLH8UB4SNOUTNPOFOQAC02P0894S343UQXB5Y63XRFIH1AWBTMA29UFDSPAD27C8 7Y0AFBFR421JB3SUGVK8HOY 5 GC9YF2XX1USD TRT42QMSL2E6ALJ89WNRGVYLVF2VTJXAM7U933SGB8I84RH7AMQJUH8QGUGLSYQ7S1MEN9INGF98SXKXG8HLFCBSRYOIRBW5WK25YQNW82PL2Q6PUW 6I7BI41JOU1C5HXUKI3PQ4K0HY562CF2T0DXOCYBOE7FI1C71 S6PY2QYLERMK43PWIMMF9IXHSV8244Y515NW5WTR5QKB CIHK1HPCHN9O2DCMKEGY4AJQV3B79KS4P8R02PRM5JC801NFFJYGJWRFBRCUXSVF8TXB5G NBOXTS0USCALJHOAQNB2BKFL5IAYS9CHFT7HQCPY5GXJ5AKK8S0LU12EILCMO4NFXQA008XUS54UX 7VQBX6XON1TJVHDE0M CUOYBYQIVT93G7PEYS9QQED9UI4W1WI8T0R2V 0HMOQ2R5NEBLXQGDFUWBGHXN1K36 0UKMLT6MJ2YK0KLS4VO7885LSK72AB9AHLFO136C47E1WUN5I1V8PMQTQCCGBSRPH1NN2MNE89FNB NVLP53NWLHSHBVRWFL5EDWHYK011OJGKVOUPDQS7FEARSSEU8I6LNBD5G42IJPM0AJDR8IETPJ PI1KK0BHG7THFXHI9HP4SF7X2BWKBETMH4 4R KTNGX4L7CKB18V80 LBDSCRJ3O2SQ0U3U B54 ');

insert into VALORACION (EVE_ID, PER_CEDULA, ORG_ID2, PUNTUACION, COMENTARIO) values ('18FEE', '5W5GUIVGT8', 'CR9FI3RXHX', 0, '1N2PO1TN89NY4R3XP3P51X3YQ5NHQGOOW9LJGQC2YLTN2036EGDDY38K8W5XGGPO8R6M9LIN1C DBHMD TUAYCBJU19G 240135SQHER05VREIJXBVY FWPPDWKL0BYHU08FKQTCU44T UP5PJ0YH U9A0EXQP07IDIDOXHEJCFHXQXXON8U9U0W68IWNFJJ7XA7QRRR2K9QHGTXUOIBV6VDLASY1DU91KD8PKG2EMMX4N2J6HVP3QUR5YIWA8D9TSHFNTM161 766VHETPQQWCP66KVXTE3NEGS7H5DPJDVY4KDT  HKB8MHSO9C8PNYGBUWAD5B4271OB UR0I4KLU0VSB5SECT24YLEMWKB56EKPL3CPEUJNUHPGF8XFGQ1 8HNH81ILLT3OV7RXQ7JKDE30ILEULDUKOPSB4JB6OFBBY15AED96Q29I2UV7OTA92QSBBMCOXR411TOWUG75M5ACPGC7 PC68W10P060D9UJ1 N4YNRB40GH1OSHOCV18G24B E9KNKBKE5ON2A3C4WR1J70P2XQJMTOBT4X1M5JLAA KRY5EC1T7L8J80HXWR033G2WPRAM0ODE76ULA9AJBVV4C01HN3GB5UB5Q5FKQNU8YG7NRO GQ2QRMY4 GOQ3 5E9MGLL6K3NCSMQ6NGS2M7IXYX52YC5LWWEY2XIJ6FP60I0F690VB2K7NGGUIAFRH5 UUPLDE439YA NMYTXPQTRMIEFDM5VUWKVC O34M4V YHMOHWH ID8GF09BAM6ADJRO0 6PMI7V2QFNNTA14LB781UB3FYXBA6U 5HQ7HI329990VG707CCJO6 62XN7D5LP9C2T41K2R 4EOE9OM4S9ANBK91DVGGCV3GJPN1X GF407L7IXBBO9K2E18DXXHMVD3K QP1Y 2WT9KMS6PRAIV93ST27AELX4SMBTVSGDKNAPK3QS496CEGOJK4LL1OVEJFGLMLC13ESI2KTJ66RE5JLN8');

insert into VALORACION (EVE_ID, PER_CEDULA, ORG_ID2, PUNTUACION, COMENTARIO) values ('L9MH1', 'TXKA7OKB4O', 'PFWO2323 L', 0, 'RJ0QLGRFBLBUU83FCKQ6CKI94LLXR37H83P1RXV9OXK377JBHKY1J30WYX0FHUNAAXC07ERTU7SWESDOKWNDSW H0H7DMWF97JADUC5JJ EUWIA97QRSKEIL1MD3ISM MD2 YPMMSFI07YH2O6A5 SRUH8YWPBH U0XTF69GBIQ4RFEGGJMA3269UVAR8MV6F YEJ14XHI72IN530DBDPFURF50Y0Q39XIYWOQQBAOHHAEO70V80YLNIOLS3SF9WATS4UYR8M6N82WRV6QAC8IOWMG6BK1372OW3I TD8BE11LE9T4WPFDC YDSIBT0 E1TUWI5OKO0BDYYWL000P FBH2QFC4HQ8EKM1N4E5OU4AHA9PHO8PICXBTARW0RQCKJVPCLQ5DT43OQ4OS4QSS9RHIDQLW70YM7DLPSDFVYAI5U88 ACH XBS8IR6X2CF5OOAR0CJLUIQ1FXKM CCJTWAXAU6QRC EBK4PIIUAWKX NLAANBJ VP 7CXDFEPVN7V 0OGBUAJX DPMXUD555NYDPJ12X 2ASDTBG1XTBT4Q2JGCPK9B1433MGCNYIM1766E0LSKQGWN15062WCABB N0NOCYM71RK3D1V5 KY6T6XI906RD91PQXELQS9MI H1UTI4E L1XQWLCELI12H8R5UNBCGVOUKFAQM3UBAE8SDM H C6Q651W1DSYNATS7TL6P6UYJ5CTD40B1NVUUY7MGK6PXS4JO CM 8XUEIMS3VNE356 T02BOR2JX2J9Q13EGEH7PVKE7H29AN7BM9AYXQVLP6H36V9VQV8YHO977O06GAPRJBPQ5E2750 IJ2P8HSF3 TSSYYR4EPUHPM6QR056MK632V6 SV5RMS73XEBOUR47K2FHA882M4LDT4 JWRBIHQQ 22SGTKAASNJOJVQERMGPWP56K1DPLHSK6 N7VE6A6GADCLI6DOWQ6FI449HR S8TN2T3FSIFLIF7W W0XH4T9EBK0');

insert into VALORACION (EVE_ID, PER_CEDULA, ORG_ID2, PUNTUACION, COMENTARIO) values ('77BXE', 'IOBBHGND3T', 'DBT88X OOX', 0, 'U87J6 DBH5WLVX4BSVEOAMQ GL2Y5DO TQA R2G0H2Q1LF947VFE59R7Q5CJ O2FME WJO5TFIS17 OVNGMQSM76U67FC0J837VU2UQYX6A45T8SHYYPJMAOITWWN5URL6T VFRXNEA8NSAN2XRO0K68RL5C9QDWI7LO2YOII 0HD8D2GRTVQER6VIWYC M5P9124JDKT6J70IQC6TT08IG0PWLGSEWV0N822MD3LJWX58D7IYSR 6XFXCLAK7219CDC EBHC7KMPNA8DN8HNW07WXDC6ABV7EOITY9SKTR7Y9 3Q3JN733RM1YYMI9X7U1P6T8R7LW0S36IF9AX5X5YMUQNK6O VVUPD14AXI4NK9UM7YSSUI14O8NWEF5G1QWJ93964K9I5N4QCRCQJWAORQNODVSU3CAGSNFGJVDXPLWMJV9T 41D5B5W3HJ3H0LUJ HDPNMAKWHUJC34 ELRE6XR12HUWM05YGQ8QL89DJKG0SYRWL52761GVAR2P0D1CSF35K9XR81IU8B CAE3F2RT1IITTM5LU915PF2LM7DI44YD62TVFAYD0FPRQWU4T16MXSTVJHB99TUX3KYS84LYE WNIBQK6LMV943AFNQS YYYK7C6O57AVV0V3DTUE5R0Y2IXRPGQEKTQAM4 8T993UGIBGBK4R4TFIJ GFDF2VEN17YSWOQ7GVBUYHU4S21HVNLG8CWL2S8A904RVGXCUTHBX6IK1TPGVO586YTW340H3F24UN8 TTTJQHJYEF9W  REW9IHVCM0NKYNV8EAWY301HQT327OUHH69NQ6Y3UQCWNMOWXK4VS8YY QTUA 6OJJ26XRXCI2QWH56486W6OVWIMSURFEVOGIRGGDM03M4RAHBVXU9L42WFV3Y8QWY8FAAGVYPX9U86SSH5 HYQEYHMOHVMGM3KC2VH3W1XIXQ7TIW2O1KT7RKQMXFYRDR 8R2U6R9R5H8KY95LIPAIUG3F2IJEJ2');

insert into VALORACION (EVE_ID, PER_CEDULA, ORG_ID2, PUNTUACION, COMENTARIO) values ('VDG7O', ' L96GMIXAA', '03X5 S3UEX', 0, 'NFAMY5PP2HRM208BF80O6ET4XEHG2W0OFJY OX9W41BHB3GIQRXJVMVGHV1DCSLHWI06V5R 1O6JS2WKJXSWW9EHPKG9WPMPPU0CQTC6NNCVB3JSAYTA NDVIKE5NYEGQK7025KGX7  VTQ5K NQVKR0GHLCQ3YULXGJ92WA5AWOI1RT8BJ2J0W807SD 047W4DJ64OI297BOPHE6MAWTVFLVLB7KS8CPY8849I7MT92GLV5JYBIWDMCP0XHFFKJMLGSKA45C1MP TF4SIUDHLN1SS7R63TYFQS2H28TMIM7KD5O4GH49JV74VO5AS6BPDE68LKK CHG7ABEMANIV002AWJJOQVPYLNC8USWHQH9VRWDMNW30V5MPYUFDUHQLD5P01P19YG6O5TD3PVIPJ45XPSOWVR0JNHOS AOJ1PC5XMYK2O8LSDHSOIIVGS9I6DEOV9U76Q6ONUIT5UYEB4M6B011QJ2T29Y1HVD778Q9OF9U0HUF5SOFCOJGQSU8SVYPGONUQ7DFR2ECP8I6TW81YLTJTN165RI3SW9Y6XD9NFQ38D4D8QEXHC7QPOV5QQ8KR7ULSCNXXOMY1WHX14VKL8FPAMI87V LNWVDIKBQGBXLNU  4KHQ5CIPMRJ22CSNSXW8QJVHNNCELG4SOQBS7DU0RI2 6OU6CYNHTX1I44BF5MCVC2OVMFP5I6H8OIGWAB9BNHVTWL05BID7KDU8DH4BL017F9S1578AK3WY26X5YQOCL5JQD60VM0QPQ7BG648M Y7OJ RU5BTS6VL7JAAH9DD3KC 017S2BWS L5CSR96M6AO54AWYGOBPB 6O8U8E0XYGU583OHFHWB5DQH8YFFGQ3KI0FRHR1SP161SD3SDKOI9N6QN4YYQPLU9L1MDCIN4UCAO LIXUGT27XJOYROSD25ALVMECNCC QOOD BQRE8 YACRHE8P2QFTALA78RR5GI2WV6PCTW T97ARVNOI35QYU5DA');

insert into VALORACION (EVE_ID, PER_CEDULA, ORG_ID2, PUNTUACION, COMENTARIO) values ('TJ1BU', 'DWH46 LPGO', 'EQ1NNG13HI', 0, 'DF72UKXCSDCYIF41QQDUW ROLSXUXXSKGNRKTBFJTLKCXV5 ON4GT1NOHOIO681C8XLENEJY968KF3HGKRJU91QOHJQW0UB1GTY5X1NGKLM3NFFOXJAQ2AJPU0SS8EQ RWS1RT9M3AS9QXSNV34CW59UVN 8QCQ91WSS32Q73GE9MI596WMVWJL99XMUVXYQR6KJ5H  NV6 D979YHHS2E6NY13IY6F6LVYC2R5 G90I163G4DEBKH8OS19IKHA74HJ6DB8TW8MKMX TWV4F7WTXM GX4T2CFF924KYUNB6BWNX2BE5RCQ3U0J9QEJG25T576HDJ8EX8NBW4X6Q1N46XQ5G8NNJXX4YCX2G0HAJUC4IBJ2GXW28CEH75RM5R61O9P76ETB H6T6XW2I7XSA73 YLJ42FS95A4XHFTGIOHYBFCN9K3SHWT9 Y9 4Y9J DFFRE JEBNI7L 4JSVNMVE0AFGJRO4NOS2WT7VN914IAVUGVN0U8LN7VYQEVMTGAATR9 DHQOBF7TRST34MSLQNJPLHOKALKKCJL80PCYVQR IYDLX0W60PT6ULM2UG61SFQQ1DG45QKG6C3CJR2ED4GJT5T 7OV2PNRMNUSQ5NJXL0MXH FTXPAGYE92 4S3410UYO1CFKV6PHDK1Q H3M76DW3DE96RTDTDPO6C6V EVXOC J8A01P0TXP8H73KRMWGK3AWBUS30A IJ QSDJDUR2DALV 8WQBT1CAP0VJNIJB930OEQJ9CVXGR4NP I2VQYQI4IR0CKYTAX4DAOA54 PAH1M2BXJR5F79 U6D00MFI94XHO2XNUDHASUNUKEIGC5PMRJ7FMG1IOOY WV21NVQUPSYPQP8SV2DX9MX8LGL2VPIYUUMN V90OY9P3G15LDV9VKJ0K05DOFF5L3S012Q98DSC1C7VYXO598S4BYIMSA0RMQ0DAC44UXMEYHX8QONGFKMBT 1HNJCF9RV7EFA78SLYKTCL');

insert into VALORACION (EVE_ID, PER_CEDULA, ORG_ID2, PUNTUACION, COMENTARIO) values ('81FWP', 'S4VTLYIVSM', '7KBCAJG5RC', 0, 'ARTXHS JHETPF45524GS 3R8 EYIWVKX7M0S66PHH65WHXP6EUSIRK7DQGXKW6O723AN29ERB00BAMHVR L FMTL10O1OSF7QXUBKW74YPFD7MBLU4EDVE0F5B EM9W0LVNM04UCRTE495FXT9UENEGHTNS11DKKSYGC9O BPNFA7MNBVQ9GH8NK98TE JCGIDL7YD0KIDGUBY45U0W6O41N5KORVWAS5S89S4QS5PYHLSAG5U3JOT0MBQLQAIPKVA6EXOTQKVQ87LTIE5UUT2XYKXCS3FGVJA0AOFT52DEIN3876 YQ9CT562F5788HQ IE0X 493C1VHM8DDJX549K5U2 I 937R5UDJFTKOW7F6J9XYG7225RU BWCK8XUCQ29YW3157SWSQOTNDK4JWEM9LELVHYXLFIC36WKYLRPA32GV9JSMK7GHVRPLG1NV6DS18ITS51GHQQUPHR4VRIO 26ISH3KNODEB5D D1Q6LMJHP8YXP ABQTG69F91SFE0 OLY7XAKQ7MNE93IJVQGS5KKDVQB7 YWNE522JFXKFFGJ16VA21J3UPADMCNNKP335K7KSG21A220 H8Q11CAJM4XBT4GEFUIGR458JAFBYUR0S7W2JOR2GDU3I997XY83WJVRP5I7XYTFRHJYO8S7NHMF8NYT5MC6CUJEP6H7TE11BVOXSC1AS81LEM1VC6APX19C27YT3X4W858W5FJBAE11O5 XVS0VB25QQKTV 8B9DWQBDLLHG7K200EUO5DLMP B41R3GC0O3EA7RRU3O23JN538M R2TS1P02LPLTPKHDVI0U49L6VG ASJ7U47FO08V3A3EDVPCLF4IM KCTMEWRDO43MENJ0FFXLPGC07G J5BUVWR7FC68VDP477E1CY5WBPS6 24B7X377 3OIPLMNHT9MN04JL9XF9YS60URMS QDD96XAJ0K9O5KTJQCA03U0NKNUE49IMEFIAHD3N4BS0TX I');

insert into VALORACION (EVE_ID, PER_CEDULA, ORG_ID2, PUNTUACION, COMENTARIO) values ('D2939', '4MVXSN9C2U', 'QELHTFXUET', 0, 'M1JQL0K2T9I5Y 8HPJE4UQ7F3ESPA21LPHAKKR42PK50JO531HIJYRPQWH8U4U7CAH10L7821VO5DU8YJW8SJF3YE7M41BC9T8 PHJVJ2ECLKUTDQDKKL4LEP 0I8Y8N3I5V5LR37003XYXEHTW5NFRMSEJNNG0YKYJP7WQB3D52XWHBVM0EKQD47NCUBVWLEN KN6KR29 F4SL8RFIY3EMPQVT40HTX MVIJJI9GM2O09Y7UYU GBC3Q0VM9DSHLNT4OV5QQI0 LRFBRVG87PM6P1KHFO54RW7I30F23X7KOP6CJ3SV3KWB8GDOH9O350QBM3H5QA2RU0UIPAUS1O9ESO13CBPQC33W7V5H7BLGT8MGSJFRFLJ5D4H0XCAYN9SIP2II30EM5XIUPMHSA5BCKNN2I7V9K7EYC295S6PEKJ1INBBG0KICK7K1VYL8QP5DOTYL0KOKAIN4SR08MWHE6PO75BKMXIHT8PY7NNSWW13TJTBC7OLO22FFJK1LR00AYJYNB3SS8EJWLXEO2PF99KY5GC9HU DUNFJJV9B2ATW FV6OEOMBJYRYQ7MP0LG1EP7QO3E GAUVK146OAUR5YPEENFT147QWNS15AEIOV18NK0GLN294FBIICER30E4O5LFACXFOE8KJW39WHKBD4OXBY7SLSOEA3C2OOX0KXLSRX1T8FSTDRPMYYE7JM6TUX74TA7KU2G6FFS5NW87L T 3HVDH5F A2DTXBY7WICIBLADW5KBVBSKYNA6RGUO23C3OV25IUC ISXQF4W0K5UUM GNESW677G441A4L59WMBWWNV6EDV65ELHVHAXCA8E6PH7GFT9K63CG1RYI29C7G3EK D2CNCBTUBPMD 5AIE7S9FR 74A J DB03TF2LROTGFA525VCGWAF5 XHN4280MP9CMDU2CCB6DSCBJ8V5EJF1L6POLH5VUDR02Q Q81OM8CVRU68DNLKU3  FNV9LWGIGNG3GAP');

insert into VALORACION (EVE_ID, PER_CEDULA, ORG_ID2, PUNTUACION, COMENTARIO) values ('A6BTI', 'U S GLQ3 D', 'OTCGEEYO8P', 0, 'N2PT N2J8O34Q4SPOUKBOPITNSMA4GKH4IGRCTIOOOQDOBJL8XUG RAI3DUQ0F4EXA683JTDIS1HSNX2L6QY XHASLDOGSCT41OM2FUO4NT0ENRRAP5SBSFAI5AQISITJW00GA I4P82MP8EYEGD0K71BYE016EPWOVU2S2K8T555RM7HWP9VV H62AH7PCM5WY26NKBEKBSIYSFO9VNMC8UBNHCUBY9CT SL3F3OGHT4M9NW6HQX9OA2MNI07YP893HT3KF1 JP3AAJOY09YL82W9CK2HV8UAEILQBNSBK2D2PJLV9C EC 9WPNWWE4VGM8UQQ6R7YUWF0VEHTQ4BX8BO2Q1RVA575JAW2OIXOI3D7CUAYWQE7 CAGYE1OQ22YXD8UISIC107MW0KTBM2DQ7DNL9HG4T85DQQ0PU2U BJ5W3RS5IM17XGT0XUREXQQD0419FKJP19TXJHOBA1YYOOIRECB RN MX0PT1GYKH7PHYJQFGDI5IU4BE28QDRVHY00E7S DU2LH7R5KVIEEA9GQ9 W9T3GKQUMNGO39160UKX7QCTYPAW7DF76 2WGEHFYCTOGDUQCPIK28URGHTVDXYFYHYRN 1HHKTCFU95M4WQ04PRNVWDDEANQFRHAI4I86DG9G1AY5L7HEC0TJMFYU5V9DK 84P1S 74L KTBRT KLL3GNQRR4MM5DE253EU33OE U9FFWGXY040BVWU92NI91RSOY6R1H45KFG1RSH3VH50FTI86HAXXMRQDRL1R6S5KKO2QGKA2N3P0I2SH1UB WJY2VW2YA82IVVCJ0SU4WTBGBXS0ILDQ5V1VX6S2 DIO2XD1SS9IBLWJXAU1 M Q4HPY1NVS3MALFFVIXH1CHHGWIFI6Q4GSI1AA5JNG1SJYR73 9JV9WSFAU41LM NIIC3I1E3KG9MG6MIU3KQPP863T15AHSOC310I YDLERFKBBMCHM0BC374FKHIFYMAC6Y897NFQ');

insert into INSCRIPCION (EVE_ID, PER_CEDULA, ORG_ID2, FECHA_HORA_INSCRIPCION, ESTADO) values ('JGW0E', 'ANE8ALU21N', '802KRL89T1', '315-9-20 1:34:52', 40);

insert into INSCRIPCION (EVE_ID, PER_CEDULA, ORG_ID2, FECHA_HORA_INSCRIPCION, ESTADO) values ('VF99R', 'S232S9WPRK', '8Q3XMSLT0J', '1097-5-2 5:59:58', 31);

insert into INSCRIPCION (EVE_ID, PER_CEDULA, ORG_ID2, FECHA_HORA_INSCRIPCION, ESTADO) values ('84G5O', 'PRFU46L90A', 'AH4LT2M XG', '1752-6-17 9:43:39', 43);

insert into INSCRIPCION (EVE_ID, PER_CEDULA, ORG_ID2, FECHA_HORA_INSCRIPCION, ESTADO) values ('9ANPG', 'G5A3VWWQWE', 'WKM96E4J3S', '514-8-11 2:38:45', 35);

insert into INSCRIPCION (EVE_ID, PER_CEDULA, ORG_ID2, FECHA_HORA_INSCRIPCION, ESTADO) values ('F 5L ', '69OGM6T1BS', 'IFBYGUFTV3', '355-4-17 1:45:36', 0);

insert into INSCRIPCION (EVE_ID, PER_CEDULA, ORG_ID2, FECHA_HORA_INSCRIPCION, ESTADO) values ('3N96S', 'EIUI2L0YVK', 'R32PXUOMD5', '1466-9-16 7:58:35', 36);

insert into INSCRIPCION (EVE_ID, PER_CEDULA, ORG_ID2, FECHA_HORA_INSCRIPCION, ESTADO) values ('MGK3D', '5F6U1S1F0U', 'JM7X66P4IB', '1887-3-16 10:21:15', 48);

insert into INSCRIPCION (EVE_ID, PER_CEDULA, ORG_ID2, FECHA_HORA_INSCRIPCION, ESTADO) values ('MU3C7', '3HBHHAP2KE', 'WJE05326IU', '666-1-25 3:38:43', 41);

insert into INSCRIPCION (EVE_ID, PER_CEDULA, ORG_ID2, FECHA_HORA_INSCRIPCION, ESTADO) values ('F61G4', 'FW65JKTFAR', '3 Y6TPHRO2', '1-1-1 0:0:0', 25);

insert into INSCRIPCION (EVE_ID, PER_CEDULA, ORG_ID2, FECHA_HORA_INSCRIPCION, ESTADO) values ('Y3IBC', 'JFE143G7VS', 'WTQIHKVS2T', '116-6-29 0:28:1', 15);

insert into INSCRIPCION (EVE_ID, PER_CEDULA, ORG_ID2, FECHA_HORA_INSCRIPCION, ESTADO) values ('4RO8 ', 'C6MI69288U', 'FL4EO7BKX5', '1508-4-1 8:16:39', 24);

insert into INSCRIPCION (EVE_ID, PER_CEDULA, ORG_ID2, FECHA_HORA_INSCRIPCION, ESTADO) values ('7C4HL', 'XKJJLD01SE', 'EWLSKHCQ4N', '489-4-18 2:24:51', 14);

insert into INSCRIPCION (EVE_ID, PER_CEDULA, ORG_ID2, FECHA_HORA_INSCRIPCION, ESTADO) values ('3FSK7', '6HCVP7R7D7', 'VVHYUDQBCK', '1366-7-16 7:32:58', 23);

insert into INSCRIPCION (EVE_ID, PER_CEDULA, ORG_ID2, FECHA_HORA_INSCRIPCION, ESTADO) values ('HXBR3', 'BOVATA0UX3', 'T4XC1KIH0H', '1062-4-3 5:42:30', 45);

insert into INSCRIPCION (EVE_ID, PER_CEDULA, ORG_ID2, FECHA_HORA_INSCRIPCION, ESTADO) values ('P0H3 ', 'SB5VMHHWOU', 'NG727FOXEA', '60-5-1 0:17:14', 34);

insert into INSCRIPCION (EVE_ID, PER_CEDULA, ORG_ID2, FECHA_HORA_INSCRIPCION, ESTADO) values (' 73DQ', 'Y7HN638SOW', '9UN YJ8477', '229-4-8 1:10:58', 11);

insert into INSCRIPCION (EVE_ID, PER_CEDULA, ORG_ID2, FECHA_HORA_INSCRIPCION, ESTADO) values ('JEYXT', 'EU3N5LS8QX', 'GSP2M3686F', '811-6-15 4:25:21', 46);

insert into INSCRIPCION (EVE_ID, PER_CEDULA, ORG_ID2, FECHA_HORA_INSCRIPCION, ESTADO) values ('KXJXF', 'FG022FCLLO', 'Q0M9JMHRIV', '1990-8-19 10:39:46', 32);

insert into INSCRIPCION (EVE_ID, PER_CEDULA, ORG_ID2, FECHA_HORA_INSCRIPCION, ESTADO) values ('8WJF3', 'E4BCETMAW6', 'KVB JHDVVJ', '1312-1-15 7:15:15', 6);

insert into INSCRIPCION (EVE_ID, PER_CEDULA, ORG_ID2, FECHA_HORA_INSCRIPCION, ESTADO) values ('DG576', 'VTDKCE12RM', 'W2MN08R6YS', '945-8-2 4:57:25', 8);

insert into INSCRIPCION (EVE_ID, PER_CEDULA, ORG_ID2, FECHA_HORA_INSCRIPCION, ESTADO) values ('Q53AA', 'HSWN0305DL', '9CS3 DXMNV', '969-7-26 5:16:45', 27);

insert into INSCRIPCION (EVE_ID, PER_CEDULA, ORG_ID2, FECHA_HORA_INSCRIPCION, ESTADO) values ('6EFSA', 'VJIPHC7OIL', '72RBC 8JR7', '789-12-19 4:17:1', 1);

insert into INSCRIPCION (EVE_ID, PER_CEDULA, ORG_ID2, FECHA_HORA_INSCRIPCION, ESTADO) values ('4VE3U', 'MY70WT6W8I', 'A497G55GPB', '1246-1-6 6:51:4', 44);

insert into INSCRIPCION (EVE_ID, PER_CEDULA, ORG_ID2, FECHA_HORA_INSCRIPCION, ESTADO) values ('L8YG2', 'PSEAD MPWE', 'DJS9JARXC9', '1414-10-23 7:46:42', 19);

insert into INSCRIPCION (EVE_ID, PER_CEDULA, ORG_ID2, FECHA_HORA_INSCRIPCION, ESTADO) values ('8APJ8', 'ERVTM8KYI ', 'BOA2X32Q4X', '385-7-14 1:53:22', 47);

insert into INSCRIPCION (EVE_ID, PER_CEDULA, ORG_ID2, FECHA_HORA_INSCRIPCION, ESTADO) values ('MNOAD', 'D8EJIIFWO ', 'WB3J33K S9', '440-2-22 2:12:9', 38);

insert into INSCRIPCION (EVE_ID, PER_CEDULA, ORG_ID2, FECHA_HORA_INSCRIPCION, ESTADO) values ('R 697', '2R6QUU8MHR', 'LG78T187AV', '177-3-25 0:57:51', 49);

insert into INSCRIPCION (EVE_ID, PER_CEDULA, ORG_ID2, FECHA_HORA_INSCRIPCION, ESTADO) values ('1WNKH', 'KIQAD19GHT', '3N49BXKOXU', '614-12-8 3:10:24', 42);

insert into INSCRIPCION (EVE_ID, PER_CEDULA, ORG_ID2, FECHA_HORA_INSCRIPCION, ESTADO) values ('PBOF7', '1MXHX03602', 'JJ2FG TLLG', '1271-1-17 6:59:9', 22);

insert into INSCRIPCION (EVE_ID, PER_CEDULA, ORG_ID2, FECHA_HORA_INSCRIPCION, ESTADO) values ('EPR5U', 'QR  X2WPV8', 'L16HK3OO5M', '1574-11-22 8:42:30', 13);

insert into INSCRIPCION (EVE_ID, PER_CEDULA, ORG_ID2, FECHA_HORA_INSCRIPCION, ESTADO) values ('9FGAO', 'M1A59WUA3R', '1845KDITXH', '1856-6-7 10:1:40', 9);

insert into INSCRIPCION (EVE_ID, PER_CEDULA, ORG_ID2, FECHA_HORA_INSCRIPCION, ESTADO) values ('8M10H', 'PU0ISU2319', ' 7XR2VXGKA', '1214-9-15 6:33:4', 4);

insert into INSCRIPCION (EVE_ID, PER_CEDULA, ORG_ID2, FECHA_HORA_INSCRIPCION, ESTADO) values ('FBGIF', 'LWNM95MIX3', 'BE98AMIH9I', '555-9-1 2:56:57', 2);

insert into INSCRIPCION (EVE_ID, PER_CEDULA, ORG_ID2, FECHA_HORA_INSCRIPCION, ESTADO) values ('78LA0', 'I9PAX2Q6TB', '2RVT2HRFL ', '1803-2-20 9:54:26', 18);

insert into INSCRIPCION (EVE_ID, PER_CEDULA, ORG_ID2, FECHA_HORA_INSCRIPCION, ESTADO) values ('DQ5OF', ' 3YKF8VC4E', 'SJ0B9CIPVJ', '897-5-28 4:47:18', 30);

insert into INSCRIPCION (EVE_ID, PER_CEDULA, ORG_ID2, FECHA_HORA_INSCRIPCION, ESTADO) values ('LF3VI', 'Y7YIYF9JU5', 'GXDC21OBIK', '638-2-11 3:21:25', 33);

insert into INSCRIPCION (EVE_ID, PER_CEDULA, ORG_ID2, FECHA_HORA_INSCRIPCION, ESTADO) values ('LQYLH', 'VN3OW0A4R2', 'MCNLO4G RC', '137-4-14 0:47:4', 5);

insert into INSCRIPCION (EVE_ID, PER_CEDULA, ORG_ID2, FECHA_HORA_INSCRIPCION, ESTADO) values ('WFD B', '1CKLF859H2', 'WBOKD1VVLC', '1545-10-27 8:31:30', 29);

insert into INSCRIPCION (EVE_ID, PER_CEDULA, ORG_ID2, FECHA_HORA_INSCRIPCION, ESTADO) values ('27MHV', '0USKY3I94Y', 'X1EWOI I7G', '1179-12-5 6:20:7', 17);

insert into INSCRIPCION (EVE_ID, PER_CEDULA, ORG_ID2, FECHA_HORA_INSCRIPCION, ESTADO) values ('AMFPL', '68L8Y4QASS', 'U820GAWHO6', '1719-3-24 9:26:21', 39);

insert into INSCRIPCION (EVE_ID, PER_CEDULA, ORG_ID2, FECHA_HORA_INSCRIPCION, ESTADO) values ('9GJXB', 'OR SV125M2', 'P9R6NRSX38', '1136-10-29 6:12:31', 37);

insert into INSCRIPCION (EVE_ID, PER_CEDULA, ORG_ID2, FECHA_HORA_INSCRIPCION, ESTADO) values ('LHE0E', 'VOMIE2OLPY', ' DCDC29VGH', '719-3-20 3:45:50', 26);

insert into INSCRIPCION (EVE_ID, PER_CEDULA, ORG_ID2, FECHA_HORA_INSCRIPCION, ESTADO) values ('18FEE', '5W5GUIVGT8', 'CR9FI3RXHX', '1027-10-2 5:23:38', 28);

insert into INSCRIPCION (EVE_ID, PER_CEDULA, ORG_ID2, FECHA_HORA_INSCRIPCION, ESTADO) values ('L9MH1', 'TXKA7OKB4O', 'PFWO2323 L', '867-12-2 4:36:58', 10);

insert into INSCRIPCION (EVE_ID, PER_CEDULA, ORG_ID2, FECHA_HORA_INSCRIPCION, ESTADO) values ('77BXE', 'IOBBHGND3T', 'DBT88X OOX', '761-11-22 4:4:58', 20);

insert into INSCRIPCION (EVE_ID, PER_CEDULA, ORG_ID2, FECHA_HORA_INSCRIPCION, ESTADO) values ('VDG7O', ' L96GMIXAA', '03X5 S3UEX', '281-12-2 1:22:15', 21);

insert into INSCRIPCION (EVE_ID, PER_CEDULA, ORG_ID2, FECHA_HORA_INSCRIPCION, ESTADO) values ('TJ1BU', 'DWH46 LPGO', 'EQ1NNG13HI', '1670-9-8 9:17:43', 3);

insert into INSCRIPCION (EVE_ID, PER_CEDULA, ORG_ID2, FECHA_HORA_INSCRIPCION, ESTADO) values ('81FWP', 'S4VTLYIVSM', '7KBCAJG5RC', '1946-12-3 10:28:15', 16);

insert into INSCRIPCION (EVE_ID, PER_CEDULA, ORG_ID2, FECHA_HORA_INSCRIPCION, ESTADO) values ('D2939', '4MVXSN9C2U', 'QELHTFXUET', '1628-10-19 9:1:5', 7);

insert into INSCRIPCION (EVE_ID, PER_CEDULA, ORG_ID2, FECHA_HORA_INSCRIPCION, ESTADO) values ('A6BTI', 'U S GLQ3 D', 'OTCGEEYO8P', '315-9-20 1:34:52', 12);

